Titolo Annuncio,Prezzo,Descrizione,Link,Caratteristiche
FENDER American Acoustasonic Telecaster EB Natural Usato,"€1.425,00","L'American Acoustasonic Telecaster incarna lo spirito innovativo su cui è stata costruita Fender. Da una forma acustica, passando per i suoni ritmici elettrici, questa potente chitarra utilizza un motore acustico Fender e Fishman rivoluzionario per offrire una nuova espressione sonora. Il corpo cavo ispirato alla Telecaster è naturalmente musicale, risonante e con una grande proiezione, il che significa che la chitarra suonerà altrettanto bene sulle tue gambe quanto sul palco. Progettata per un autentico suono elettrico Fender senza ronzii, questo pickup può essere suonato da solo o miscelato ad un suono acustico per creare nuove sonorità. Il sistema di risonanza per strumenti a corda (SIRS) in attesa di brevetto, il top e l'elettronica sono stati creati appositamente per questo strumento.",https://www.strumentimusicali.net/product_info.php/products_id/199020/fender-american-acoustasonic-telecaster-eb-natural-usato.html,"['Formato: Telecaster modificato', 'Top: Abete Sitka massello', 'Fondo e fasce: Mogano', 'Bracing: Trasversale', 'Rosetta: 2 Anelli B/W/B', 'Manico: Mogano', 'Finitura: Uretano satinato', 'Profilo: Modern ""Deep C""', 'Scala: 25,5"" (648mm)', 'Tastiera: Ebano', 'Tasti: 22', 'Raggio: 12"" (305mm)', 'Capotasto: Graph Tech Tusq', 'Larghezza: 1.6875"" (42,86mm)', 'Intarsi: Dot', 'Truss Rod: Bi-Flex', 'Controlli: Volume, manopola ""Mod"", Selettore a 5\n    vie', 'Configurazione pickup: Sottosella piezo, sensore\n    interno al body, magnetico N4', 'Ponte: Asimmetrico', 'Piroli del ponte: GraphTech Tusq', 'Hardware: Cromato', 'Meccaniche: Fender Standard Cast / Sealed\n    Staggered', 'Finitura: Naturale']"
YAMAHA A5R Vintage Natural Usato,"€1.366,00","Realizzata a mano in Giappone con legni selezionati, la chitarra elettroacustica A5R di Yamaha offre un look vintage con un volume maggiore nella gamma medio-bassa, grazie ai nuovi rinforzi smerlati per il top ed un bracing più corto sul fondo della dreadnought. La Yamaha A5R, una chitarra cutaway con corpo western tradizionale, presenta fondo e fianchi in legno di palissandro massello con top in abete Sitka selezionato a mano e con tecnologia originale A.R.E. di torrefazione del legno. Il suono naturale e dinamico plug-in del sistema di pickup SRT2 si adatta perfettamente alle tue performance sul palco e la qualità di costruzione premium ""Made in Japan"" soddisferà il desiderio dei chitarristi più avanzati.",https://www.strumentimusicali.net/product_info.php/products_id/197824/yamaha-a5r-vintage-natural-usato.html,[]
ALHAMBRA 8P + Custodia rigida in Omaggio Usato,"€1.118,00","Questa chitarra fa un salto di qualità rispetto ai modelli della serie 7, infatti dal modello 8P in poi vengono realizzate da un piccolo team di artigiani, in cui condividono la loro esperienza e si prendono cura anche delle chitarre costruite fino all'ultimo dettaglio. Questo strumento viene fornito con la sella ed il capotasto in osso, un materiale tradizionalmente utilizzato e le cui capacità di vibrazione sono eccezionali. E' dotata di una leggera finitura laccata alla nitrocellulosa che consente al legno di vibrare ancora di più e ottenere così un suono migliore. Inoltre, il suo top in cedro rosso offre una bella qualità calda e un suono piacevole senza sacrificare il volume o la nitidezza e ottenendo un'ottima proiezione del suono. Tutti questi fattori lavorano insieme per dare a questa chitarra un suono caldo, forte e raffinato. Abilità molto interessanti per godersi la chitarra in concerto.",https://www.strumentimusicali.net/product_info.php/products_id/201200/alhambra-8p-custodia-rigida-in-omaggio-usato.html,"['Top: Cedro massello', 'Fasce e fondo: Palissandro indiano massello', 'Manico: Cedro spagnolo', 'Tastiera: Ebano', 'Larghezza al capotasto: 52mm', 'Spessore al capotasto: 22mm', 'Spessore al 12° tasto: 25mm', 'Meccaniche: Luxury Gold', 'Scala: 650mm', 'Accessori: Custodia sagomata inclusa']"
ESP LTD Eclipse NT '87 Pearl White Usato,"€899,00","Sebbene ESP iniziò per la prima volta nel 1975 come piccola officina di riparazione a Tokyo, era proprio verso la metà degli anni '80 quando le chitarre e i bassi ESP attirarono l'attenzione dei musicisti di tutto il mondo. La serie LTD '87 è una fedele riproduzione di questo set di strumenti del catalogo ESP del 1987. A differenza dell'attuale Eclipse a spalla mancante, l'ESP Eclipse originale era basata sulla forma archtop TE, che è la base della LTD Eclipse '87. Questa chitarra offre una costruzione neck-thru-body con un body in mogano e manico in acero in tre pezzi. I modelli Eclipse della serie '87 offrono un set di pickup Seymour Duncan '59 (manico) e JB (ponte) (con bobine in stile originale e un controllo push-pull per dividere le bobine) e ponte e cordiera TonePros TOM.",https://www.strumentimusicali.net/product_info.php/products_id/176022/esp-ltd-eclipse-nt-87-pearl-white-usato.html,"['Body: Mogano', 'Costruzione: Neck-Thru', 'Scala: 24.75""', 'Manico: Acero 3pz', 'Profilo: Thin U', 'Tastiera: Ebano Macassar', 'Tasti: 24 Extra Jumbo', 'Raggio: 14""', 'Capotasto: 42 mm', 'Pickup ponte: Seymour Duncan JB', ""Pickup manico: Seymour Duncan '59"", 'Controlli: Volume/Tono (push/pull) / Toggle Switch', 'Ponte: Tonepros Locking TOM & Tailpiece', 'Hardware: Cromato', 'Meccaniche: LTD Locking', 'Colore: Pearl White']"
ALHAMBRA 7PA + Bag Omaggio! Usato,"€833,00","Una tastiera in Ebano bella e di alta qualità. Come nei modelli da concerto, il manico è rinforzato da una fascia in ebano invece che dal truss rod. Più compatto e leggero, conduce la vibrazione in tutto lo strumento e permette alla chitarra di vibrare completamente, dalla paletta al fondo del corpo. La chitarra vibra contro il tuo corpo. Il suono è ricco, chiaro ed estremamente versatile.",https://www.strumentimusicali.net/product_info.php/products_id/119646/alhambra-7pa-bag-omaggio-usato.html,"['Top: Abete massello', 'Fondo e fasce: Palissandro indiano massello', 'Manico: Mogano', 'Tastiera: Ebano', 'Scala: 650mm', 'Larghezza al capotasto: 52mm', 'Spessore al capotasto: 22mm', 'Spessore al 12° tasto: 25mm', 'Meccaniche: Luxury Gold Plated', 'Finitura: Naturale', 'Accessori: Gig bag inclusa']"
FENDER VIntera II '60s Telecaster RW Fiesta Red Usato,"€825,00","Fai rivivere il suono senza tempo degli anni '60 con la Telecaster Vintera II '60s e sperimenta il look iconico, il feeling suggestivo e le timbriche incomparabili che solo Fender sa offrire. La Telecaster Vintera II '60s è dotata di un body in ontano con manico in acero e tastiera in palissandro, per quel classico suono Fender incisivo e definito. Il manico a ""C"" dei primi anni '60 è basato su un profilo classico di quel periodo, che offre sensazioni naturali e invitanti, mentre la tastiera con raggio da 7.25"" (18,41cm) con tasti vintage-tall garantisce comfort con ampio spazio per bending estesi e un vibrato espressivo. Una coppia di pickup in stile vintage anni '60 crea suoni squillanti dalla definizione cristallina, ed il ""twang"" metallico e grezzo che hanno reso Fender famosa. Il ponte a 3 sellette scanalate in acciaio in stile vintage offre l'autentico ""twang"" anni '60, mentre le meccaniche in stile vintage ricreano il look classico con un rapporto degli ingranaggi più preciso e una migliore stabilità dell'accordatura. Prova tutte le inconfondibili sensazioni vintage e il sound imbattibile di un classico Fender con la Telecaster Vintera II '60s e inizia oggi a fare la storia della musica.",https://www.strumentimusicali.net/product_info.php/products_id/200142/fender-vintera-ii-60s-telecaster-rw-fiesta-red-usato.html,"['Body: Ontano', 'Finitura: Poliestere lucido', 'Manico: Acero', 'Finitura: Uretano lucido', 'Costruzione: 4-Bolt Standard', 'Truss Rod: Vintage-Style Butt Adjust', 'Dado del Truss Rod: Vintage-Style Butt Adjust', 'Tastiera: Palissandro Slab', 'Scala: 25.5"" (648mm)', 'Tasti: 21 Vintage Tall', 'Capotasto: Osso sintetico', 'Larghezza: 1.650"" (42mm)', 'Raggio: 7.25"" (184,1mm) Vintage', 'Segnatasti: Dot bianchi', ""Pickup: 2x Vintage-Style '60s Single-Coil Tele"", 'Controlli: Volume, Tono, Selettore 3-Vie', 'Manopole: Zigrinate Flat-Top', 'Ponte: 3-Sellette Vintage-Style scanalate in acciaio', 'Hardware: Nickel/Cromo', 'Battipenna: 3-Strati Mint Green', 'Meccaniche: Fender Vintage-Style', 'Custodia: Deluxe Gig Bag inclusa', 'Colore: Fiesta Red']"
ESP LTD Arrow-NT Arctic Metal Snow White Satin Usato,"€796,00","La serie LTD Arctic Metal riprende lo stesso design della serie Black Metal e capovolge la combinazione di colori dal nero più scuro al più freddo delle terre ghiacciate desolate. Paragonabili nella qualità costruttiva alla LTD Deluxe ""Serie 1000"", gli strumenti Arctic Metal presentano una finitura Snow White Satin, un singolo pickup di alta qualità con cover bianca abbinata e tastiere in ebano Macassar senza intarsi e marcatori laterali fosforescenti. L'Arrow-NT Arctic Metal offre la forma audace ed estrema del corpo Arrow con struttura neck-thru-body, tasti in acciaio inossidabile, un ponte con bloccaggio TonePros con design string-thru-body, un singolo aggressivo pickup EMG 81TW con logo nero, una singolo manopola del volume con controllo push-pull per dividere il pickup e kill switch EMG TKO.  Caratteristiche    Body: Mogano   Manico: Acero 3-pezzi   Profilo: Thin U   Costruzione: Neck-Thru   Capotasto: 42mm   Tastiera: Ebano Macassar   Tasti: 24 Extra Jumbo in acciaio   Scala: 25.5""   Raggio 14""   Pickup EMG 81TW White con TKO Kill Switch   Hardware: Nero   Ponte: Tonepros Locking TOM String Thru   Meccaniche LTD Locking   Finitura: Snow White Satin",https://www.strumentimusicali.net/product_info.php/products_id/198933/esp-ltd-arrow-nt-arctic-metal-snow-white-satin-usato.html,"['Body: Mogano', 'Manico: Acero 3-pezzi', 'Profilo: Thin U', 'Costruzione: Neck-Thru', 'Capotasto: 42mm', 'Tastiera: Ebano Macassar', 'Tasti: 24 Extra Jumbo in acciaio', 'Scala: 25.5""', 'Hardware: Nero', 'Ponte: Tonepros Locking TOM String Thru', 'Finitura: Snow White Satin']"
JOSE TORRES JTC-100 Usato,"€773,00","Chitarra dalle finiture sofisticate, binding raffinato e con un bellissimo legno di cocobolo nelle fasce e nel fondo. Il suono ha una notevole proiezione, con bassi profondi ma che lasciano alti cristallini. La risposta è veloce in tutti i registri. Anche il comfort e la qualità dell'esecuzione sono straordinarie, grazie al design ed alla finitura del manico ed alla regolazione del capotasto che offre un'altezza ottimale delle corde.",https://www.strumentimusicali.net/product_info.php/products_id/185052/jose-torres-jtc-100-usato.html,"['Top: Cedro massello', 'Fondo e fasce: Cocobolo', 'Manico: Cedro', 'Tastiera: Ebano', 'Ponte: Palissandro', 'Meccaniche: Dorate', 'Finitura: Lucida']"
LAVA MUSIC ME PRO FreeBoost Gold Usato,"€749,00","Lava Music crede che il futuro della chitarra possa essere migliore del passato. Dovrebbero essere più leggere, più semplici. Non dovresti preoccuparti delle condizioni meteorologiche, e ovviamente dovrebbero avere un suono eccellente. Questa convinzione si è finalmente avverata con l'introduzione della Lava ME 2. Unendo una struttura meccanica più forte ed efficiente ad un design di simulazione acustica, ogni nido d'ape ha un'altezza ed uno spessore diverso in base alla sua funzione meccanica, generando un suono straordinario anche con un leggero pizzico sulle corde. La struttura curva a nido d'ape continua a fornire un suono potente e nitido. L'idea del FlyNeck era quella di progettare e costruire il manico per chitarra più comodo e intuitivo possibile. La forma geometrica del FlyNeck è stata progettata tracciando le diverse forze nello spostamento tra le varie posizioni mentre i chitarristi suonano. E' stato rimosso o aggiunto con cura del materiale sul profilo del manico per garantire che il FlyNeck si adattasse al tuo modo di suonare senza che tu te ne accorgessi. Plek PRO è il sistema di lavorazione dei tasti per chitarra più avanzato sul pianeta. La macchina prima scansiona la tastiera in base alla tensione delle corde con una precisione fino a 0,005mm, quindi taglia i tasti per la migliore action possibile con una precisione fino a 0,01mm. Il taglio ad alta precisone di Plek PRO aiuta la Lava ME 2 ad ottenere un suono eccezionale e la migliore suonabilità. Lava Music ha ridisegnato la struttura del manico e l'ha rinforzata con 2 barre in fibra di carbonio ultra rigide. Ciò rende il FlyNeck più rigido del 300% rispetto alla generazione precedente. La tua Lava ME 2 ora non è solo più facile da suonare, ma ha anche una durata maggiore. Lava ha inventato la chitarra monopezzo stampata a iniezione Lava ME nel 2017. Ha rivoluzionato il design, i materiali e la produzione delle chitarre. Questa tecnologia le consente non solo di rendere la forma più comoda da imbracciare, ma anche di ridurre notevolmente l'uso della colla, conferendo alla Lava ME 2 ottime performance acustiche. La fibra di carbonio Super AirSonic può adattarsi a temperature comprese tra -20°C e 90°C e ad una umidità dal 10% al 90%. Non importa se sei nel deserto o in un'area polare, Lava ME 2 funziona sempre. Al contrario, i legni hanno maggiori probabilità di deformarsi in diverse condizioni meteorologiche. Il pickup L2 con la sua nuovissima tecnologia consente di utilizzare il retro della chitarra come altoparlante. Attiva il pickup ovunque e in qualsiasi momento e suona liberamente. Il pickup L2 ora utilizza un microfono per la ricezione del suono percussivo. Questo migliora e abbellisce i suoni percussivi creati, con o senza collegamento ad un amplificatore. La tecnologia FreeBoost consente ai musicisti di produrre Delay, Chorus e Reverb direttamente sulla chitarra, con o senza collegamento. La Ideal Bag 2 è ora più piccola del 20% rispetto alla prima generazione. L'interno della Ideal Bag 2 si adatta perfettamente alla Lava ME 2, garantendo la sicurezza e la stabilità della chitarra in ogni momento, ed è inclusa con ogni acquisto della Lava ME 2.  Caratteristiche    La prima chitarra elettroacustica unibody monopezzo     stampata a iniezione al mondo   Pickup L2 con tecnologia FreeBoost per effetti     multipli senza l'uso di un amplificatore, inclusi Reverb,     Delay e Chorus   Manopole per il controlli di volume, riverbero ed     effetti   Materiale composito in fibra di carbonio Super     AirSonic   Breathe Net Honeycomb Soundboard, la struttura più     leggera che Lava Music abbia mai realizzato   Configurazione dell'action PLEK: precisa e facile da     suonare fin da subito   Top: Composito in fibra di carbonio Super AirSonic     extra rigido, particolarmente sottile e risonante   Tastiera: HPL (laminato ad alta pressione)   Scala: 597mm (23.5"")   Capotasto: 42,9mm (1.69"")   Materiale: Tusq   Tasti: 18   Ponte: HPL (laminato ad alta pressione)   Meccaniche: Lega di alluminio con rapporto 21: 1   Incordatura di fabbrica: Elisir 16052 (012 - 053)   Colore: Gold   Accessori inclusi: Custodia morbida premium, set di     plettri Ideal",https://www.strumentimusicali.net/product_info.php/products_id/190998/lava-music-me-pro-freeboost-gold-usato.html,"[""Configurazione dell'action PLEK: precisa e facile da\n          suonare fin da subito"", 'Top: Composito in fibra di carbonio Super AirSonic\n          extra rigido, particolarmente sottile e risonante', 'Tastiera: HPL (laminato ad alta pressione)', 'Scala: 597mm (23.5"")', 'Capotasto: 42,9mm (1.69"")', 'Materiale: Tusq', 'Tasti: 18', 'Ponte: HPL (laminato ad alta pressione)', 'Meccaniche: Lega di alluminio con rapporto 21: 1', 'Incordatura di fabbrica: Elisir 16052 (012 - 053)', 'Colore: Gold', 'Accessori inclusi: Custodia morbida premium, set di\n          plettri Ideal']"
EPIPHONE 1959 Les Paul Standard Aged - Dark Burst Usato,"€742,00","Realizzata in collaborazione con il Gibson Custom Shop, la Les Paul Standard 1959 in edizione limitata è la straordinaria riproduzione Epiphone del raro classico vintage. Caratterizzato da un corpo in mogano con un top in acero con impiallacciatura di acero figurato AAA, comodo profilo del manico arrotondato a mano del 1959 con tenone lungo, finitura invecchiata, pickup humbucking Gibson USA BurstBucker 2 e 3, selettore e jack di uscita Switchcraft, potenziometri CTS, anni '50 cablaggio vintage, condensatori Mallory, battipenna non smussato, nuove meccaniche vintage Epiphone Deluxe e custodia rigida marrone in stile vintage. Inoltre viene fornita con un selettore a levetta con medaglione in metallo Epiphone Limited Edition.",https://www.strumentimusicali.net/product_info.php/products_id/197826/epiphone-1959-les-paul-standard-aged-dark-burst-usato.html,"['Body: Mogano', 'Top: Acero con impiallacciatura in Acero figurato AAA', 'Binding: Crema', 'Manico: Mogano', ""Profilo: Rounded C, '59"", 'Scala: 24.764""', 'Tastiera: Alloro indiano', 'Raggio: 12""', 'Tasti: 22, Medium Jumbo', 'Capotasto: Graph Tech NuBone', 'Larghezza: 1.69""/ 43mm', 'Intarsi: Trapezio', 'Giunzione: Set Neck, incollato', 'Hardware: Nichel', 'Ponte: Epiphone LockTone ABR-1', 'Cordiera: Epiphone LockTone Stop Bar', 'Meccaniche: Epiphone Deluxe Vintage', 'Battipenna: Crema', 'Truss Rod: Regolabile', 'Cover del Truss Rod: 2-stari (Nero/Bianco)', 'Manopole: Top dorato', 'Pickup manico: Gibson BurstBucker 2', 'Pickup ponte: Gibson BurstBucker 2', ""Controlli: 2x Volume, 2x Tono, potenziometri CTS con\n    cablaggio anni '50"", 'Selettore pickup: 3-Vie', 'Finitura: Aged Dark Burst', 'Accessori: Custodia rigida vintage']"
EPIPHONE 1959 Les Paul Standard Aged - Dark Burst Usato,"€742,00","Realizzata in collaborazione con il Gibson Custom Shop, la Les Paul Standard 1959 in edizione limitata è la straordinaria riproduzione Epiphone del raro classico vintage. Caratterizzato da un corpo in mogano con un top in acero con impiallacciatura di acero figurato AAA, comodo profilo del manico arrotondato a mano del 1959 con tenone lungo, finitura invecchiata, pickup humbucking Gibson USA BurstBucker 2 e 3, selettore e jack di uscita Switchcraft, potenziometri CTS, anni '50 cablaggio vintage, condensatori Mallory, battipenna non smussato, nuove meccaniche vintage Epiphone Deluxe e custodia rigida marrone in stile vintage. Inoltre viene fornita con un selettore a levetta con medaglione in metallo Epiphone Limited Edition.",https://www.strumentimusicali.net/product_info.php/products_id/198514/epiphone-1959-les-paul-standard-aged-dark-burst-usato.html,"['Body: Mogano', 'Top: Acero con impiallacciatura in Acero figurato AAA', 'Binding: Crema', 'Manico: Mogano', ""Profilo: Rounded C, '59"", 'Scala: 24.764""', 'Tastiera: Alloro indiano', 'Raggio: 12""', 'Tasti: 22, Medium Jumbo', 'Capotasto: Graph Tech NuBone', 'Larghezza: 1.69""/ 43mm', 'Intarsi: Trapezio', 'Giunzione: Set Neck, incollato', 'Hardware: Nichel', 'Ponte: Epiphone LockTone ABR-1', 'Cordiera: Epiphone LockTone Stop Bar', 'Meccaniche: Epiphone Deluxe Vintage', 'Battipenna: Crema', 'Truss Rod: Regolabile', 'Cover del Truss Rod: 2-stari (Nero/Bianco)', 'Manopole: Top dorato', 'Pickup manico: Gibson BurstBucker 2', 'Pickup ponte: Gibson BurstBucker 2', ""Controlli: 2x Volume, 2x Tono, potenziometri CTS con\n    cablaggio anni '50"", 'Selettore pickup: 3-Vie', 'Finitura: Aged Dark Burst', 'Accessori: Custodia rigida vintage']"
KRAMER SM-1 Candy Blue Usato,"€713,00","Il nuovo SM-1 fa parte della collezione originale di Kramer e introduce il nome Kramer in una nuova generazione con un corpo in mogano a doppia spalla mancante, tastiera in ebano, pickup humbucker Seymour Duncan® Cool Rails™ e JB™, un Floyd Rose ® tremolo serie 1000 e un controdado Floyd Rose® serie R2 1000. Disponibile in Candy Blue, Orange Crush e Maximum Steel. Custodia rigida opzionale disponibile.",https://www.strumentimusicali.net/product_info.php/products_id/178822/kramer-sm-1-candy-blue-usato.html,"['Corpo: Mogano', 'Manico: Mogano', 'Profilo: Kramer K-Speed \u200b\u200bSlimTaper ""C""', 'Lunghezza scala: 25,5""', 'Materiale della tastiera: Ebano', 'Raggio della tastiera: 14""', 'Ponte: Tremolo Floyd Rose serie 1000', 'Cordiera: Tremolo Floyd Rose serie 1000', 'Pickup al manico e centrale: Seymour Duncan Cool Railsr', 'Pickup al ponte: Seymour Duncan JB', 'Controlli: Master Volume con mod Treble Bleed, Master\n    Tone', 'Selettore pickup: Selettore a 5 vie, interruttore split coil\n    mini-toggle per pickup al ponte', 'Calibro delle corde: .010, .013, .017, .026, .036, .046', 'Colore: Candy Blue']"
EPIPHONE 1961 Les Paul SG Standard - Aged 60s Cherry Usato,"€706,00","Realizzata in collaborazione con il Gibson Custom Shop, questo modello Inspired by Gibson è l'impressionante ricreazione di Epiphone di uno dei design più importanti e popolari di tutti i tempi. La Epiphone 1961 Les Paul SG Standard rende omaggio al leggendario originale: la primissima SG. La chitarra dispone di un body in mogano massello in 2 pezzi abbinato ad un manico in mogano in un unico pezzo con un veloce profilo Slim Taper C. A livello di elettronica troviamo una coppia di pickup humbucking Gibson BurstBucker collegati a potenziometri CTS e condensatori Mallory.",https://www.strumentimusicali.net/product_info.php/products_id/189777/epiphone-1961-les-paul-sg-standard-aged-60s-cherry-usato.html,"['Body: Mogano massello in 2 pezzi', 'Manico: Mogano massello', 'Profilo: Slim Taper C', 'Scala: 24.75""', 'Tastiera: Alloro indiano', 'Raggio: 12""', 'Tasti: 22, Medium Jumbo', 'Capotasto: GraphTech', 'Larghezza: 1.693""', 'Intarsi: Trapezoidali', 'Pickup manico: Gibson BurstBucker 2', 'Pickup ponte: Gibson BurstBucker 3', 'Controlli: 2x Volume, 2x Tono, Selettore 3-Vie', 'Elettronica: Potenziometri CTS 500K, Mallory', 'Battipenna: 5-Strati nero, SG-Style', 'Hardware: Nichel', 'Ponte: Epiphone LockTone Tune-O-Matic', 'Cordiera: Epiphone LockTone Stop Bar', 'Meccaniche: Epiphone Deluxe', 'Finitura: Aged 60s Cherry', 'Accessori: Custodia rigida Vintage Style inclusa']"
MARSHALL 2525C Silver Jubilee Studio Usato,"€690,00","Collegarsi ad un amplificatore Silver Jubilee è sempre motivo di celebrazione, soprattutto ora che è stato reinventato come un portatile combo da 20W. Rivivi il suono drammatico del 1987 con il 2525C, perfetto per suonare in studio, sul palco oppure a casa. L'amplificatore è equipaggiato con un potente speaker Celestion G12M da 12"", che crea un combo comodo e bello in parti uguali. Lo Studio Jubilee offre di tutto, dai clean scintillanti alle distorsioni grintose. Con suoni puliti, lead e ritmici tra cui scegliere, questo classico amplificatore è abile nel fornire una varietà di stili. Oltre all'EQ a 3 vie ed al controllo Presence, c'è la possibilità di attivare la funzione pull rhythm clip per un crunch extra. Il suono interamente valvolare del 2525C è pilotato da due ECC83 nel preamplificatore assieme ad una sdoppiatrice di fase ECC83 e due EL34 nel finale di potenza. Costruito nella stessa fabbrica del 2555 originale che ha celebrato il 25esimo anno di attività e 50 anni di Jim Marshall nel mondo della musica.",https://www.strumentimusicali.net/product_info.php/products_id/202069/marshall-2525c-silver-jubilee-studio-usato.html,"['Canali: 2 (split)', 'Potenza: 20 W (con opzione di riduzione della potenza,\n    5W)', 'Uscite speaker: 5x jack 1/4"" (16Ω / 8Ω / 4Ω), DI (jack\n    strumento 1/4"")', 'Ingressi: 1x 1/4"" jack strumento, Footswitch', 'Controlli: Gain in ingresso, master volume lead, master\n    volume out, treble, middle, bass, presence', 'Loop effetti: Send/Return', 'Speaker: 1x12"" Celestion G12M-25 (16Ω, 25W)', 'Valvole preamp: 2x ECC83, 1x ECC83', 'Valvole finale di potenza: 2x EL34', 'Footswitch: PEDL-90003 incluso', 'Dimensioni: 490 x H475 x 280mm', 'Peso: 19kg']"
EPIPHONE Casino Vintage Sunburst Usato,"€608,00","Dal 1961, la leggendaria Casino è stata l'archtop più venduta di Epiphone ed uno standard del rock 'n' roll. Introdotta per la prima volta nel 1961, la Casino era solo una delle tante nuove archtop thinline progettate e prodotte nella nuova fabbrica adottata dalla società a Kalamazoo, in Michigan, che condivideva con Gibson, concorrente di una volta e nuovo partner. La Casino è stata adottata per la prima volta da Keith Richards dei Rolling Stones che la utilizzò per registrare la demo per ""Satisfaction"" alla Chess Records di Chicago. Howlin' Wolf prese una Casino nel suo primo tour nel Regno Unito, apparendo su Thank Your Lucky Stars. Poco dopo, John Lennon e George Harrison acquistarono delle Epiphone Casino per il tour mondiale dei Beatles del 1966. Dotata di pickup Dogear P-90T Classic e body in acero a 5 strati con rinforzo superiore in tiglio.",https://www.strumentimusicali.net/product_info.php/products_id/189817/epiphone-casino-vintage-sunburst-usato.html,"['Body: Acero laminato', 'Top: Acero a 5 strati con rinforzi in tiglio', 'Manico: Mogano', 'Profilo: SlimTaper, D-Profile', 'Tastiera: Pau Ferro', 'Intarsi: Parallelogramma, medreperlati', 'Capotasto: 1.68"" (42,67mm)', 'Scala: 24.75"" (628,65 mm)', 'Pickup: 2x Dogear P-90T Classic', 'Controlli: 2x Volume, 2x Tono', 'Hardware: Cromato', 'Ponte: LockTone Tune-O-Matic', 'Cordiera: Trapezioidale', 'Battipenna: 3 Strati, Bianco / Nero / Bianco con ""E"" in\n    metallo', 'Finitura: Vintage Sunburst']"
ALHAMBRA 3C CWE + Bag Omaggio! Usato,"€585,00","In versione cutaway, il modello 3C CW è realizzato per migliorare l'accesso alla parte inferiore della tastiera. Ha un capotasto di 5cm, leggermente più stretto rispetto ai modelli classici, un modo per favorire i cambi di posizione degli accordi, oltre a facilitare l'uso mediante l'utilizzo di un plettro. Una chitarra dal suono ricco e caldo, un volume sorprendente e finiture molto curate. Un ottimo acquisto all'interno di una fascia di prezzo adatta a una chitarra da studente, fornita anche con il preamplificatore Fishman Classic 4 Deluxe con accordatore. La chitarra Alhambra modello 3C CW è una bellissima chitarra. E' un modello fatto a mano e tutti i dettagli vengono presi in considerazione. Un modello cutaway della linea student, che trasmette robustezza, versatilità e un suono meraviglioso. E' un'ottima scelta per lavorare sulla tecnica ed una scelta sicura per iniziare lo studio della chitarra classica. Per quanto riguarda i materiali della sella e del capotasto, entrambi sono realizzati in Melammina, un materiale sintetico, che contribuisce ad un suono arrotondato e definito",https://www.strumentimusicali.net/product_info.php/products_id/191026/alhambra-3c-cwe-bag-omaggio-usato.html,"['Top: Cedro rosso massello', 'Fasce e fondo: Mogano', 'Manico: Mogano', 'Tastiera: Palissandro indiano', 'Capotasto: 52mm', 'Scala: 650mm', 'Spessore al capotasto: 22mm', 'Spessore al 12° tasto: 25mm', 'Elettronica: Fishman Classic 4 Deluxe', 'Meccaniche: Nichelate', 'Garanzia: 3x Anni conservando il tagliando di garanzia\n    rosso']"
KRAMER Assault Plus Reverse Headstock Maple Fretboard Bengal Burst Usato,"€556,00","L'Assault Plus fa parte della nuova Kramer Modern Collection e combina un body in stile Les Paul classico con la velocità, la potenza e l'affidabilità di Kramer. Caratterizzata da un body in mogano con top impiallacciato in acero fiammato, paletta rovesciata, humbucker Seymour Duncan JB e JN ""zebra coil"" ed un tremolo Floyd Rose serie 1000 con locking nut serie R2 1000. Disponibile in Bengal Burst e Trans Purple Burst.",https://www.strumentimusicali.net/product_info.php/products_id/177219/kramer-assault-plus-reverse-headstock-maple-fretboard-bengal-burst-usato.html,"['Body: Mogano', 'Top: Acero fiammato impiallacciato', 'Binding: Nero (top e manico)', 'Manico: Mogano', 'Profilo: K-Speed SlimTaper ""C""', 'Scala: 25.5"" (648mm)', 'Tastiera: Acero', 'Tasti: 24, Medium Jumbo', 'Capotasto: Floyd Rose R2 1000 locking nut', 'Intarsi: Dot neri', 'Hardware: Nero cromato', 'Ponte: Floyd Rose 1000', 'Meccaniche: Kramer mini 14:1 nere pressofuse', 'Truss Rod: Regolabile', 'Pickup al manico: Seymour Duncan JN', 'Pickup al ponte: Seymour Duncan JB', 'Controlli: 2x Volume, Tono, Selettore pickup 3-Vie', 'Finitura: Bengal Burst']"
IBANEZ AS93FM-TCD Transparent Cherry Red Usato,"€537,00","Per un decennio, Ibanez ha continuato a dare energia al segmento delle hollow body con una vasta gamma di design, dagli ibridi rock alle classiche jazz-box. La nuova linea Expressionist inizia un altro capitolo nella storia Artcore. I fan del jazz riconosceranno i pickup originali Ibanez Super 58, il pick-up preferito da George Benson, Pat Metheny e John Scofield sui propri modelli Signature. Una prediletta del jazz, sì, ma come il chitarrista funk Eric Krasno ha dimostrato, i Super 58 si comportano bene in molte situazioni. Articolazione calda e bilanciata ed una risposta eccellente caratterizzano i pickup Super 58.",https://www.strumentimusicali.net/product_info.php/products_id/189507/ibanez-as93fm-tcd-transparent-cherry-red-usato.html,"['Formato: Semi-Hollow body', 'Top, fondo e fasce: Acero fiammato', 'Manico: Set-in in Nyatoh e Acero a 3 pezzi', 'Tastiera: Ebano con binding', 'Intarsi: Rettangolari in acrilico', 'Tasti: 22, Medium', 'Profondità massima cassa: 67mm', 'Larghezza massima cassa: 400mm', 'Pickup: 2x Super 58 (HH)', 'Ponte: ART-1 dorato con tendi-corde Quik Change III', 'Astuccio consigliato: MS100C', 'Finitura: Transparent Cherry Red']"
KRAMER Assault Plus Trans Purple Usato,"€525,00","L'Assault Plus fa parte della nuova Kramer Modern Collection e combina un classico corpo in stile Les Paul® con la velocità, la potenza e l'affidabilità di Kramer. Caratterizzato da un corpo in mogano con top impiallacciato in acero fiammato, paletta rovesciata, humbucker Seymour Duncan® JB™ e JN “zebra coil” cablati a potenziometri di volume push-pull serie/paralleli individuali e un tremolo Floyd Rose® serie 1000 con serie R2 1000 dado di bloccaggio. Disponibile in Bengal Burst e Trans Purple Burst.",https://www.strumentimusicali.net/product_info.php/products_id/179704/kramer-assault-plus-trans-purple-usato.html,"['Corpo: Mogano', 'Manico: Mogano', 'Profilo: Kramer K-Speed \u200b\u200bSlimTaper ""C""', 'Lunghezza scala: 25,5""', 'Materiale della tastiera: Acero', 'Raggio della tastiera: 12""', 'Ponte: Tremolo Floyd Rose serie 1000', 'Cordiera: Tremolo Floyd Rose serie 1000', 'Pickup al manico: Seymour Duncan® JN', 'Pickup al ponte: Seymour Duncan® JB™', 'Controlli: Volume del collo e volume del ponte (ciascuno con\n    serie Push/Pull/potenziometri paralleli), Master', 'Selettore pickup: 3 vie', 'Calibro delle corde: .010, .013, .017, .026, .036, .046', 'Colore: Trans Purple Burst']"
EPIPHONE Les Paul Standard 50s LRL Metallic Gold Usato,"€523,00","La nuova collezione Epiphone ispirata da Gibson presenta con orgoglio la Les Paul Standard 50s. Questa chitarra ricrea amorevolmenteil feel e il suono degli anni '50 Les Pauls. La lunga amicizia di Epiphone con il signor Les Paul iniziò nel 1940 quando Les costruì una delle prime chitarre elettriche solid body al mondo durante le notti di lavoro presso la fabbrica originale Epiphone a Manhattan. La prima chitarra solid-body di Les, soprannominata ""the Log"", avrebbe continuato a ispirare la Les Paul Standard, che molti considerano la più grande chitarra elettrica mai realizzata. E' realizzata con un corpo in mogano, cap in acero (impiallacciatura AAA su top figurati), manico in mogano legato anni '50 con tenone lungo del manico, tastiera in alloro indiano con intarsi trapezoidali classici, le nuove meccaniche Epiphone Vintage Deluxe, un paio di Epiphone ProBucker acclamati dalla critica humbucker e manopole Top Hat dorate. Questa Epiphone ispirata al modello Gibson Original ha anche la paletta Kalamazoo.",https://www.strumentimusicali.net/product_info.php/products_id/198913/epiphone-les-paul-standard-50s-lrl-metallic-gold-usato.html,"['Body: Mogano', 'Top: Acero con impiallacciatura di acero a fiamma AAA', 'Binding: Crema', 'Manico: Mogano', 'Profilo: 50s Medium C arrotondato', 'Scala: 24.75""/ 628,65mm', 'Tastiera: Alloro indiano', 'Raggio: 12""', 'Tasti: 22, Medium Jumbo', 'Capotasto: Graph Tech NuBone', 'Larghezza: 1.69""/ 43mm', 'Intarsi: Trapezio', 'Giunzione: Set Neck Incollato', 'Hardware: Nichel', 'Ponte: Epiphone LockTone Tune-O-Matic', 'Cordiera: Epiphone LockTone Stop Bar', 'Meccaniche: Epiphone Vintage Deluxe 18:1', 'Battipenna: Crema', 'Truss Rod: Regolabile', 'Cover del Truss Rod: 2-stari (Nero/Bianco)', 'Manopole: Dorate', 'Pickup manico: Epiphone ProBucker 1', 'Pickup ponte: Epiphone ProBucker 2', ""Controlli: 2x Volume, 2x Tono, potenzionetri CTS con\n    cablaggio anni '50"", 'Selettore pickup: 3-Vie', 'Finitura: Metallic Gold']"
VINTAGE V100MU Midge Ure Signature Gold Top Usato,"€523,00","La Vintage V100MU è una chitarra elettrica signature, costruita secondo le specifiche di Midge Ure. Un artista multimilionario con gli Ultravox, il mandato di Midge per il suo modello signature era unico come la sua musica. Di conseguenza, la V100MU combina il classico look single cutaway con alcuni progressi moderni e intuitivi. Utilizzando una coppia di pickup soap bar WP90SK impilati, lo strumento impiega un circuito Varicoil, che consente di passare senza sforzo tra i suoni single e double coil, oltre a fondere i suoni che si trovano nel mezzo. Inoltre, un Wilkinson Roller Bridge e un sistema di vibrato in stile vintage forniscono il perfetto mix di manipolazione della tonalità con una stabilità affidabile dell'accordatura. Oltre a soddisfare le esigenze dell'uomo stesso, la V100MU è stata progettata per trovare la sua strada nelle mani di chiunque cerchi una chitarra adattabile e agile, pronta per lo studio e il palco.",https://www.strumentimusicali.net/product_info.php/products_id/196974/vintage-v100mu-midge-ure-signature-gold-top-usato.html,"['Body: Mogano', 'Manico: Mogano Soft C', 'Costruzione: Set-Neck', 'Tastiera: Palissandro', 'Scala: 24.75” (628mm)', 'Tasti: 22 Medium-Jumbo', ""Radius: 12''"", 'Capotasto: GraphTech NuBone', 'Larghezza: 43mm', 'Intarsi: Rettangolari', 'Battipenna: Crema', 'Pickup: 2x Wilkinson WP90SK', 'Controlli: 2x Tono, 2x Volume, Selettore a 3 posizioni', 'Ponte: Wilkinson GBR Roller con vibrato vintage', 'Meccaniche: Grover tulipano', 'Hardware: Cromato', 'Colore: Gold Top']"
SCHECTER Banshee Extreme 6 Black Cherry Burst Usato,"€510,00","La Banshee Extreme è una chitarra incredibilmente versatile, ma si inserisce anche come una delle chitarre più convenienti! Dotata di un ponte hardtail Schecter, questa serie può gestire qualsiasi chitarrista, indipendentemente dal livello. Ogni chitarra presenta un bellissimo top in acero trapuntato con battipenna madreperlato ed è disponibile in 4 colori sorprendenti, tutti evidenziati con una paletta abbinata. Gli esclusivi intarsi conferiscono a questa chitarra uno stile esclusivo, mentre i pickup Diamond Plus offrono tutto l'ampiezza necessaria per mettere a punto il tuo suono.",https://www.strumentimusicali.net/product_info.php/products_id/179760/schecter-banshee-extreme-6-black-cherry-burst-usato.html,"['Costruzione: Bolt-on', 'Body: Mogano', 'Top: Acero trapuntato', 'Manico: Acero', 'Profilo: Ultra sottile ""C""', 'Tastiera: Palissandro', 'Intarsi: Pearloid & Abalone Vector', 'Binding: Acero', 'Scala: 25,5 ""(648mm)', 'Tasti: 24 X-Jumbo', 'Raggio: 16"" (406mm)', 'Capotasto: Graph Tech XL Nero Tusq', 'Larghezza: 1.653"" (42mm)', 'Truss Rod: Regolabile a 2 vie', 'Pickup: Schecter Diamond Plus (manico), 2x Schecter\n    Diamond Single Coil', 'Controlli: Volume / Tono (Push-Pull) / Selettore a 5\n    Vie', 'Hardware: Cromato nero', 'Ponte: Schecter Custom Hardtail String Thru\n    Body', 'Meccaniche: Schecter', 'Manopole: Metallo', 'Finitura: Black Cherry Burst']"
EPIPHONE Les Paul Standard 60s LRL Iced Tea Usato,"€507,00","I modelli Les Paul Standard anni '60 della nuova collezione Epiphone ispirata alla Gibson ricreano il suono Les Paul degli anni '60. Caratterizzata da un classico body in mogano con top in acero, meccaniche Grover e da due humbucker ProBucker con potenziometri CTS. La lunga amicizia di Epiphone con Mr. Les Paul iniziò nel 1940 quando Les costruì una delle prime chitarre elettriche solid body al mondo durante le notti di lavoro presso la fabbrica Epiphone di Manhattan. La prima chitarra solid body di Les, soprannominata ""The Log"", avrebbe continuato a ispirare lo standard Les Paul, che molti considerano la più grande chitarra elettrica mai realizzata.",https://www.strumentimusicali.net/product_info.php/products_id/188492/epiphone-les-paul-standard-60s-lrl-iced-tea-usato.html,"['Body: Mogano', 'Top: Acero fiammato AA', 'Binding: Crema', 'Manico: Mogano', 'Profilo: Slim Taper 60s a C', 'Scala: 24.75""/ 628,65mm', 'Tastiera: Alloro indiano', 'Raggio: 12""', 'Tasti: 22, Medium Jumbo', 'Capotasto: Graph Tech', 'Larghezza: 1.69""/ 43mm', 'Intarsi: Trapezioidali madreperlati', 'Giunzione: Incollata', 'Hardware: Nichel', 'Ponte: Epiphone LockTone ABR Tune-O-Matic', 'Cordiera: StopBar', 'Meccaniche: Wilkinson', 'Battipenna: Crema', 'TrussRod: Regolabile', 'Cover del Truss Rod: 2-stati a ""Campana"" (Nero/Bianco)', 'Manopole: Dorate/Nichel', 'Pickup manico: Epiphone ProBucker 2', 'Pickup ponte: Epiphone ProBucker 3', 'Controlli: 2x Volume, 2x Tono, potenzionetri CTS', 'Selettore pickup: 3-Vie', 'Finitura: Iced Tea']"
EPIPHONE Masterbilt Texan Faded Cherry Usato,"€489,00","La chitarra che ha ispirato due invasioni British si unisce alla famiglia Masterbilt, basata sulle storiche Texan degli anni '60 suonate da Paul McCartney e Peter Frampton. Con top in abete Sitka massello, fondo e fasce in mogano massello, capotasto e sella in osso, pickup Fishman Sonicore e sistema di preamplificazione Sonitone. Include un'etichetta blu rettangolare in stile vintage nella buca. Disponibile nelle finiture Antique Natural Aged e Faded Cherry Aged con corde Gibson. Epiphone è dietro ad ogni chitarra prodotta con una garanzia a vita ed il servizio clienti Gibson Brands.  Caratteristiche    Top: Abete Sitka massello   Fondo e fasce: Mogano massello   Manico: Mogano   Profilo: Traditional 1960s SlimTaper a ""C""   Scala: 25.5""/ 647,7mm   Tastiera: Alloro indiano   Raggio: 12""   Tasti: 20, Medium Jumbo   Capotasto: Graph Tech NuBone   Larghezza: 1.69""/ 43mm   Intarsi: Parallelogrammi in madreperla   Giunzione: Dovetail incollato   Hardware: Nichel   Ponte: Advanced Jumbo Reverse Belly   Selletta: Osso   Meccaniche: Manopole in avorio   Battipenna: Excellente   Truss Rod: Regolabile   Pickup sotto-sella: Fishman Sonicore   Controlli: Volume e Tono Fishman Sonitone nella     buca   Preamp: Fishman Sonitone   Finitura: Texan Faded Cherry",https://www.strumentimusicali.net/product_info.php/products_id/175074/epiphone-masterbilt-texan-faded-cherry-usato.html,"['Top: Abete Sitka massello', 'Fondo e fasce: Mogano massello', 'Manico: Mogano', 'Profilo: Traditional 1960s SlimTaper a ""C""', 'Scala: 25.5""/ 647,7mm', 'Tastiera: Alloro indiano', 'Raggio: 12""', 'Tasti: 20, Medium Jumbo', 'Capotasto: Graph Tech NuBone', 'Larghezza: 1.69""/ 43mm', 'Intarsi: Parallelogrammi in madreperla', 'Giunzione: Dovetail incollato', 'Hardware: Nichel', 'Ponte: Advanced Jumbo Reverse Belly', 'Selletta: Osso', 'Meccaniche: Manopole in avorio', 'Battipenna: Excellente', 'Truss Rod: Regolabile', 'Pickup sotto-sella: Fishman Sonicore', 'Controlli: Volume e Tono Fishman Sonitone nella\n          buca', 'Preamp: Fishman Sonitone', 'Finitura: Texan Faded Cherry']"
EPIPHONE Les Paul Standard 60s LRL Bourbon Burst Usato,"€487,00","I modelli Les Paul Standard anni '60 della nuova collezione Epiphone ispirata alla Gibson ricreano il suono Les Paul degli anni '60. Caratterizzata da un classico body in mogano con top in acero, meccaniche Grover e da due humbucker ProBucker con potenziometri CTS. La lunga amicizia tra Epiphone e Mr.Les Paul iniziò nel 1940 quando Les costruì una delle prime chitarre elettriche solid body al mondo, durante le notti di lavoro presso la fabbrica Epiphone di Manhattan. La prima chitarra solid body di Les, soprannominata ""The Log"", avrebbe continuato a ispirare la Les Paul Standard, che molti considerano la più grande chitarra elettrica mai realizzata.",https://www.strumentimusicali.net/product_info.php/products_id/187271/epiphone-les-paul-standard-60s-lrl-bourbon-burst-usato.html,"['Body: Mogano', 'Top: Acero fiammato AA', 'Binding: Crema', 'Manico: Mogano', 'Profilo: Slim Taper 60s a C', 'Scala: 24.75""/ 628,65mm', 'Tastiera: Alloro Indiano', 'Raggio: 12""', 'Tasti: 22, Medium Jumbo', 'Capotasto: Graph Tech', 'Larghezza: 1.69""/ 43mm', 'Intarsi: Trapezioidali madreperlati', 'Giunzione: Incollata', 'Hardware: Nichel', 'Ponte: Epiphone LockTone ABR Tune-O-Matic', 'Cordiera: StopBar', 'Meccaniche: Wilkinson', 'Battipenna: Crema', 'TrussRod: Regolabile', 'Cover del Truss Rod: 2-stati a ""Campana"" (Nero/Bianco)', 'Manopole: Dorate/Nichel', 'Pickup manico: Epiphone ProBucker 2', 'Pickup ponte: Epiphone ProBucker 3', 'Controlli: 2x Volume, 2x Tono, Potenzionetri CTS', 'Selettore pickup: 3-Vie', 'Finitura: Bourbon Burst']"
EPIPHONE Riviera Royal Tan Usato,"€485,00","L'Epiphone Riviera, uno dei classici originali e più duraturi di Epiphone fa il suo ritorno. Introdotta per la prima volta all'inizio degli anni '60, il design semi-hollow dell'Epiphone Riviera è stato uno dei preferiti da musicisti di tutti i generi e generazioni, inclusi i grandi del blues Robben Ford e Otis Rush, Lou Reed dei Velvet Underground e Nick Valensi degli Strokes, che scoprirono che la leggendaria forma del corpo ES della Riviera era in grado di produrre suoni eccezionali con qualsiasi variazione dei pickup. Questa Riviera è dotata di fondo e fasce in acero stratificato, un battipenna a tre strati con la classica ""E"" di Epiphone in metallo ed è dotata di ponte regolabile LockTone Tune-O-Matic e della cordiera Frequensator.",https://www.strumentimusicali.net/product_info.php/products_id/185049/epiphone-riviera-royal-tan-usato.html,"['Body: Acero a strati', 'Top, fondo e fianchi: Acero a strati', 'Blocco centrale: Acero', 'Binding: Crema a strato singolo', 'Finitura: Lucida', 'Manico: Mogano', 'Profilo: Rounded C', 'Scala: 24.724""', 'Tastiera: Indian Laurel', 'Raggio: 12.01""', 'Tasti: 22, Tasti: Medium Jumbo', 'Capotasto: Graph Tech NuBone', 'Larghezza: 1.693""', 'Intarsi: Trapezoidale', 'Giunzione: Incollato, Set Neck', 'Finitura hardware: Nichel', 'Ponte: LockTone Tune-O-Matic', 'Cordiera: Frequensator', 'Meccaniche: Manopole in metallo Epiphone Vintage Deluxe', 'Battipenna: Riviera con logo ""E"", 3 strati', 'Truss Rod: Doppia azione', 'Manopole: Cilindriche nere con inserti in metallo', 'Cover dei pickup: Nichel', 'Pickup al manico: Epiphone PRO Mini Humbucker R', 'Pickup al ponte: Epiphone PRO Mini Humbucker T', 'Controlli: 2x Volume, 2x Tono, CTS, Selettore pickup\n    3-Vie', 'Finitura: Royal Tan']"
EPIPHONE Les Paul Standard 50s LRL Heritage Cherry Sunburst Usato,"€485,00","La nuova collezione Epiphone ispirata da Gibson presenta con orgoglio la Les Paul Standard 50s. Questa chitarra ricrea amorevolmenteil feel e il suono degli anni '50 Les Pauls. La lunga amicizia di Epiphone con il signor Les Paul iniziò nel 1940 quando Les costruì una delle prime chitarre elettriche solid body al mondo durante le notti di lavoro presso la fabbrica originale Epiphone a Manhattan. La prima chitarra solid-body di Les, soprannominata ""the Log"", avrebbe continuato a ispirare la Les Paul Standard, che molti considerano la più grande chitarra elettrica mai realizzata. E' realizzata con un corpo in mogano, cap in acero (impiallacciatura AAA su top figurati), manico in mogano legato anni '50 con tenone lungo del manico, tastiera in alloro indiano con intarsi trapezoidali classici, le nuove meccaniche Epiphone Vintage Deluxe, un paio di Epiphone ProBucker acclamati dalla critica humbucker e manopole Top Hat dorate. Questa Epiphone ispirata al modello Gibson Original ha anche la paletta Kalamazoo.",https://www.strumentimusicali.net/product_info.php/products_id/197827/epiphone-les-paul-standard-50s-lrl-heritage-cherry-sunburst-usato.html,"['Body: Mogano', 'Top: Acero con impiallacciatura di acero a fiamma AAA', 'Binding: Crema', 'Manico: Mogano', 'Profilo: 50s Medium C arrotondato', 'Scala: 24.75""/ 628,65mm', 'Tastiera: Alloro indiano', 'Raggio: 12""', 'Tasti: 22, Medium Jumbo', 'Capotasto: Graph Tech NuBone', 'Larghezza: 1.69""/ 43mm', 'Intarsi: Trapezio', 'Giunzione: Set Neck Incollato', 'Hardware: Nichel', 'Ponte: Epiphone LockTone Tune-O-Matic', 'Cordiera: Epiphone LockTone Stop Bar', 'Meccaniche: Epiphone Vintage Deluxe 18:1', 'Battipenna: Crema', 'Truss Rod: Regolabile', 'Cover del Truss Rod: 2-stari (Nero/Bianco)', 'Manopole: Dorate', 'Pickup manico: Epiphone ProBucker 1', 'Pickup ponte: Epiphone ProBucker 2', ""Controlli: 2x Volume, 2x Tono, potenzionetri CTS con\n    cablaggio anni '50"", 'Selettore pickup: 3-Vie', 'Finitura: Heritage Cherry Sunburst']"
IBANEZ AR420 VLS Usato,"€485,00","La AR è un classico tra le chitarre Ibanez. E' stato uno dei primi progetti originali prodotti da Ibanez e continua ad essere una chitarra ricercata. La serie AR continua questa eredità con orgoglio. Tutte le chitarre della seria AR hanno uno switch Tri-sound per ogni pickup per scegliere tra le configurazioni di cablaggio delle bobine in serie, parallelo e coil-tap per una grande varietà timbrica.",https://www.strumentimusicali.net/product_info.php/products_id/183880/ibanez-ar420-vls-usato.html,"['Body: Top in Acero fiammato / Mogano', 'Manico: AR 3-pezzi in Acero, set-in', 'Binding: Abalone', 'Tastiera: Palissandro con intarsi rettangolari Pearl &\n    Abalone', 'Tasti: Medi', 'Scala: 628mm', 'Capotasto: 43mm', 'Ponte: ART1', 'Cordiera: Quik Change Classic', 'Pickup manico: Super 58 custom (H)', 'Pickup ponte: Super 58 custom (H)', 'Hardware: Dorato', 'Colore: Violin Sunburst']"
SIGMA JRC40E Usato,"€479,00","Sigma Guitars è stata fondata nel 1970 e da allora ha acquisito una reputazione eccellente tra molti musicisti esperti. Con una filosofia di produzione di chitarre di qualità eccellenti sia nella qualità costruttiva che nel suono, Sigma presta la propria attenzione ad ogni fase del processo di costruzione, con personale specializzato nelle fabbriche di chitarre più efficienti del Giappone, prima di essere inviate negli Stati Uniti per l'ispezione e spediti ai rivenditori di tutto il mondo. La Sigma JRC-40E incorpora il preamplificatore Fishman Presys+ unico e potente che garantisce una riproduzione nitida, incontaminata e precisa dell'iconico suono di chitarra Sigma. Con i controlli per bassi, medi e alti, master volume, fase, brillantezza, notch e accordatore cromatico LED il Presys+ racchiude tutte le caratteristiche essenziali che consentono di collegarsi e suonare con qualsiasi amplificatore, PA o DI Box, senza la necessità di ulteriori strumenti.",https://www.strumentimusicali.net/product_info.php/products_id/121340/sigma-jrc40e-usato.html,"['Formato: J-14 Fret, Cutaway', 'Top: Abete Sitka massello', 'Fondo e fasce: Palissandro indiano', 'Manico: Mogano', 'Tastiera: Palissandro indiano', 'Tasti: 20', 'Intarsi: Esagoni in madreperla', 'Scala: 645mm', 'Capotasto: 42,9mm, Osso', 'Binding: Bianco', 'Battipenna: Tartarugato', 'Elettronica: Fishman Presys+ con accordatore', 'Selletta: Osso / compensata', 'Meccaniche: Grover Diecast', 'Hardware: Dorato', 'Finitura: Naturale']"
EPIPHONE Les Paul Standard 60s Bourbon Burst (left handed) Usato,"€473,00","I modelli Les Paul Standard anni '60 della nuova collezione Epiphone ispirata alla Gibson ricreano il suono Les Paul degli anni '60. Caratterizzata da un classico body in mogano con top in acero, meccaniche Grover e da due humbucker ProBucker con potenziometri CTS. La lunga amicizia tra Epiphone e Mr.Les Paul iniziò nel 1940 quando Les costruì una delle prime chitarre elettriche solid body al mondo, durante le notti di lavoro presso la fabbrica Epiphone di Manhattan. La prima chitarra solid body di Les, soprannominata ""The Log"", avrebbe continuato a ispirare la Les Paul Standard, che molti considerano la più grande chitarra elettrica mai realizzata.",https://www.strumentimusicali.net/product_info.php/products_id/188411/epiphone-les-paul-standard-60s-bourbon-burst-left-handed-usato.html,"['Body: Mogano', 'Top: Acero fiammato AA', 'Binding: Crema', 'Manico: Mogano', 'Profilo: Slim Taper 60s a C', 'Scala: 24.75""/ 628,65mm', 'Tastiera: Alloro Indiano', 'Raggio: 12""', 'Tasti: 22, Medium Jumbo', 'Capotasto: Graph Tech', 'Larghezza: 1.69""/ 43mm', 'Intarsi: Trapezioidali madreperlati', 'Giunzione: Incollata', 'Hardware: Nichel', 'Ponte: Epiphone LockTone ABR Tune-O-Matic', 'Cordiera: StopBar', 'Meccaniche: Wilkinson', 'Battipenna: Crema', 'TrussRod: Regolabile', 'Cover del Truss Rod: 2-stati a ""Campana"" (Nero/Bianco)', 'Manopole: Dorate/Nichel', 'Pickup manico: Epiphone ProBucker 2', 'Pickup ponte: Epiphone ProBucker 3', 'Controlli: 2x Volume, 2x Tono, Potenzionetri CTS', 'Selettore pickup: 3-Vie', 'Finitura: Bourbon Burst']"
HAGSTROM Ultra Max Satin Cosmic Black Burst Usato,"€451,00","Ultra Max condivide lo stesso concetto di body piccolo della Ultra Swede, ma con un body in mogano proporzionato leggermente più grande sormontato da uno spesso top in acero fiammato custm. Il corpo si unisce a un manico in mogano utilizzando una giunzione mortise-tenon con una scala di 25.50"", che dispone naturalmente del truss-rod H-Expander e della tastiera Resinator. Il suo elegante e ultra-comodo manico veloce è in parallelo con i pickup Alnico-5 Custom 60 con le loro eloquenti cover in alluminio spazzolato, offrendo il suono tagliente che questo strumento richiede.",https://www.strumentimusicali.net/product_info.php/products_id/176855/hagstrom-ultra-max-satin-cosmic-black-burst-usato.html,"['Body: Mogano', 'Top: Acero fiammato custom', 'Binding: Madreperlato bianco', 'Giunzione: Set neck', 'Manico: Mogano', 'Profilo: UltraSlim D', 'Truss Rod: H-Expander', 'Tastiera: Resinator', 'Raggio: 15""', 'Intarsi: Rettangolari medreperlati', 'Tasti: 22, Medium Jumbo', 'Scala: 25.50"" (648mm)', 'Capotasto: GraphTech Black Tusq XL', 'Larghezza: 43mm', 'Pickup: 2x 60 Humbucker Custom AlNiCo-5', 'Cover: Alluminio spazzolato', 'Selettore pickup: Switch a 3-vie', 'Controlli: 1x Tono con coil-split push-pull, 2x Volume', 'Ponte: Long Travel Tune-O-Matic', 'Cordiera: Hagstrom Sustain Block', 'Meccaniche: Hagstrom Design 15: 1', 'Finitura: Satin Cosmic Black Burst', 'Custodie opzionali: Case C53, Gig-bag E20']"
EPIPHONE Les Paul Standard 50s Vintage Sunburst (left handed) Usato,"€451,00","La nuova collezione Epiphone ispirata da Gibson presenta con orgoglio la Les Paul Standard 50s. Questa chitarra ricrea amorevolmente il feel ed il suono degli anni '50 Les Paul. La lunga amicizia di Epiphone con il signor Les Paul iniziò nel 1940 quando Les costruì una delle prime chitarre elettriche solid body al mondo, durante le notti di lavoro presso la fabbrica originale Epiphone a Manhattan. La prima chitarra solid-body di Les, soprannominata ""the log"", avrebbe continuato a ispirare la Les Paul Standard, che molti considerano la più grande chitarra elettrica mai realizzata. E' realizzata con un body in mogano, cap in acero (impiallacciatura AAA su top figurati), manico in mogano legato anni '50 con tenone lungo, tastiera in alloro indiano con intarsi trapezoidali classici, le nuove meccaniche Epiphone Vintage Deluxe, un paio di humbucker Epiphone ProBucker acclamati dalla critica e manopole top hat dorate. Questa Epiphone ispirata al modello Gibson Original ha anche una paletta Kalamazoo.",https://www.strumentimusicali.net/product_info.php/products_id/185312/epiphone-les-paul-standard-50s-vintage-sunburst-left-handed-usato.html,"['Body: Mogano', 'Top: Acero con impiallacciatura in acero fiammato AAA', 'Binding: Crema', 'Manico: Mogano', 'Profilo: 50s Medium C arrotondato', 'Scala: 24.75""/ 628,65mm', 'Tastiera: Alloro indiano', 'Raggio: 12""', 'Tasti: 22, Medium Jumbo', 'Capotasto: Graph Tech NuBone', 'Larghezza: 1.69""/ 43mm', 'Intarsi: Trapezoidali', 'Giunzione: Set neck incollato', 'Hardware: Nichel', 'Ponte: Epiphone LockTone Tune-O-Matic', 'Cordiera: Epiphone LockTone Stop Bar', 'Meccaniche: Epiphone Vintage Deluxe 18:1', 'Battipenna: Crema', 'Truss Rod: Regolabile', 'Cover del Truss Rod: 2-Stari (Nero/Bianco)', 'Manopole: Dorate', 'Pickup manico: Epiphone ProBucker 1', 'Pickup ponte: Epiphone ProBucker 2', ""Controlli: 2x Volume, 2x Tono, potenziometri CTS con\n    cablaggio anni '50"", 'Selettore pickup: 3-Vie', 'Finitura: Vintage Sunburst']"
HAGSTROM Ultra Max Satin Cosmic Black Burst Usato,"€451,00","Ultra Max condivide lo stesso concetto di body piccolo della Ultra Swede, ma con un body in mogano proporzionato leggermente più grande sormontato da uno spesso top in acero fiammato custm. Il corpo si unisce a un manico in mogano utilizzando una giunzione mortise-tenon con una scala di 25.50"", che dispone naturalmente del truss-rod H-Expander e della tastiera Resinator. Il suo elegante e ultra-comodo manico veloce è in parallelo con i pickup Alnico-5 Custom 60 con le loro eloquenti cover in alluminio spazzolato, offrendo il suono tagliente che questo strumento richiede.",https://www.strumentimusicali.net/product_info.php/products_id/178446/hagstrom-ultra-max-satin-cosmic-black-burst-usato.html,"['Body: Mogano', 'Top: Acero fiammato custom', 'Binding: Madreperlato bianco', 'Giunzione: Set neck', 'Manico: Mogano', 'Profilo: UltraSlim D', 'Truss Rod: H-Expander', 'Tastiera: Resinator', 'Raggio: 15""', 'Intarsi: Rettangolari medreperlati', 'Tasti: 22, Medium Jumbo', 'Scala: 25.50"" (648mm)', 'Capotasto: GraphTech Black Tusq XL', 'Larghezza: 43mm', 'Pickup: 2x 60 Humbucker Custom AlNiCo-5', 'Cover: Alluminio spazzolato', 'Selettore pickup: Switch a 3-vie', 'Controlli: 1x Tono con coil-split push-pull, 2x Volume', 'Ponte: Long Travel Tune-O-Matic', 'Cordiera: Hagstrom Sustain Block', 'Meccaniche: Hagstrom Design 15: 1', 'Finitura: Satin Cosmic Black Burst', 'Custodie opzionali: Case C53, Gig-bag E20']"
EPIPHONE ES-335 Vintage Sunburst Usato,"€449,00","L'ES-335 è la versione Epiphone della storica ES-335 che entusiasma i chitarristi di tutto il mondo da oltre sei decenni. Dalla sua apparizione inaugurale nel 1958, la Gibson ES-335 ha stabilito uno standard senza eguali. L'Epiphone ES-335 non fa eccezione. E' semplicemente una delle migliori offerte per i chitarristi che desiderano il suono classico di una ES-335 ad un prezzo accessibile. L'ES-335 è realizzata con top, fondo e fianchi in acero stratificato accoppiato ad un blocco in acero massello per creare l'incredibile sustain, calore e risonanza che i musicisti desiderano in uno strumento semi-hollow. Gli humbucker Alnico Classic Pro di Epiphone offrono un'ampia gamma di suoni vintage, mentre il profilo a ""C"" arrotondato del manico è estremamente comodo e facile da suonare, la paletta presenta la forma Kalamazoo in stile anni '60.",https://www.strumentimusicali.net/product_info.php/products_id/193535/epiphone-es-335-vintage-sunburst-usato.html,"['Body: Acero stratificato', 'Top, fondo e fianchi: Acero stratificato', 'Blocco centrale: Acero', 'Binding: Panna a strato singolo', 'Manico: Mogano', 'Profilo: Rounded C', 'Scala: 24.72""/ 628mm', 'Raggio: 12""', 'Tasti: 22, Medium Jumbo', 'Capotasto: Graph Tech NuBone', 'Larghezza: 1.69""/ 43mm', 'Intarsi: Dot', 'Giunto: incollato, Set Neck', 'Hardware: Nichel', 'Ponte: LockTone Tune-O-Matic', 'Cordiera: LockTone Stop Bar', 'Meccaniche: Epiphone Deluxe', 'Battipenna: Gibson ES-335, nero, 5 strati', 'Truss Rod: Doppia azione', 'Copertura del truss rod: Campana a 2 strati', 'Manopole: Cilindro nero con inserti in metallo', 'Tip per lo switch: Crema', 'Parti in plastica: Nere, PVC', 'Pickup: 2x Alnico Classic PRO', 'Controlli: 2x Volume, 2x Tono, CTS', 'Selettore pickup: Selettore a 3-Vie', 'Finitura: Vintage Sunburst']"
ESTEVE Modello 7 Usato,"€447,00","Era il 1957 quando Francisco Esteve, Manuel Antonio e Monfort Adalid decisero di creare il primo laboratorio di chitarre e iniziare il loro viaggio nella costruzione di questo strumento. Le chitarre Esteve sono conosciute e apprezzate in tutto il mondo per il loro suono e le finiture eccellenti, dai materiali nobili di cui sono composte e per quella rara combinazione di artigianato tradizionale e tecniche moderne utilizzate nella loro costruzione. Una chitarra con grande risonanza, alti brillantii ed un sustain notevole.",https://www.strumentimusicali.net/product_info.php/products_id/198908/esteve-modello-7-usato.html,"['Top: Cedro massello', 'Fasce: Palissandro indiano laminato', 'Fondo: Palissandro indiano laminato', 'Manico: Okume', 'Tastiera: Palissandro indiano', 'Scala: 650mm', 'Finitura: Naturale']"
EPIPHONE Les Paul Muse Radio Blue Metallic Usato,"€427,00","L'Epiphone Les Paul Muse della nuova collezione Inspired by Gibson presenta un body camerato leggero, equipaggiato con humbucker Alnico Classic Pro high-gain con split-coil e controlli di fase oltre a un circuito di bleed degli acuti per mantenere la nitidezza a volumi più bassi. Se hai voglia di mettere le mani sul design classico Les Paul, il suono, e la suonabilità, non cercare oltre. Questa Les Paul dal design classico senza fronzoli ha un ottimo prezzo e con tutte le caratteristiche che hanno reso la Les Paul una sold-body ricercata in tutto il mondo. La Muse presenta un corpo in okoume camerato leggero e risonante con un top in acero e una straordinaria finitura metallizzata che lascia respirare davvero il colore naturale del suono. Un manico in okoume con tastiera in alloro indiano offre la classica suonabilità e sensibilità Les Paul, e un paio di humbucker Alnico Classic Pro offre un suono grasso e caldo.",https://www.strumentimusicali.net/product_info.php/products_id/191132/epiphone-les-paul-muse-radio-blue-metallic-usato.html,"['Body: Okoume', 'Top: Acero', 'Manico: Okoume', 'Profilo: Custom C', 'Raggio: 12""', 'Tastiera: Alloro indiano', 'Intarsi: Trapezoidali madreperlati', 'Tasti: 22, Medium Jumbo', 'Scala: 24.75""', 'Capotasto: 1.693""', 'Materiale: GraphTech', 'Ponte / Cordiera: Ponte LockTone ABR con cordira Stopbar', 'Meccaniche: Grover Rotomatic 18: 1', 'Pickup: 2x Alnico Classic PRO Humbucker', 'Controlli: 2x Volume, 2x Tono, Selettore pickup a 3\n    posizioni', 'Finitura: Radio Blue Metallic']"
VINTAGE V100 Reissued Gold Top Usato,"€402,00","La combinazione solida come la roccia di un body in mogano e manico set-in, abbinati ad hardware e pickup Wilkinson di alta qualità, significano che la Vintage V100 suona davvero. La Vintage V100 presenta una forma del body unica con una graziosa spalla laterale discendente dal lato dei bassi. Il tallone è progettato per fornire un migliore accesso ai tasti superiori ed aprire il tuo modo di suonare.",https://www.strumentimusicali.net/product_info.php/products_id/198923/vintage-v100-reissued-gold-top-usato.html,"['Body: Mogano massello', 'Manico: Mogano', 'Profilo: Soft C', 'Capotasto: NuBone Graphtech', 'Larghezza: 43mm', 'Tastiera: Lignum Rosa', 'Raggio: 12""', 'Scala: 24.75"" (628mm)', 'Tasti: 22 Medium Jumbo', 'Ponte: Wilkinson Tune-O-Matic', 'Pickup: 2x Pickup Wilkinson W90SK ceramici', 'Controlli: Volume, Tono, Selettore pickup 3-Vie', 'Meccaniche: Vintage Tulip Deluxe', 'Paletta: Design Vintage classico', 'Design: Progettata e creata da Trev Wilkinson e dal team di\n    designer in UK', 'Finitura: Gold Top']"
VINTAGE V100 Reissued Gold Top Usato,"€402,00","La combinazione solida come la roccia di un body in mogano e manico set-in, abbinati ad hardware e pickup Wilkinson di alta qualità, significano che la Vintage V100 suona davvero. La Vintage V100 presenta una forma del body unica con una graziosa spalla laterale discendente dal lato dei bassi. Il tallone è progettato per fornire un migliore accesso ai tasti superiori ed aprire il tuo modo di suonare.",https://www.strumentimusicali.net/product_info.php/products_id/197823/vintage-v100-reissued-gold-top-usato.html,"['Body: Mogano massello', 'Manico: Mogano', 'Profilo: Soft C', 'Capotasto: NuBone Graphtech', 'Larghezza: 43mm', 'Tastiera: Lignum Rosa', 'Raggio: 12""', 'Scala: 24.75"" (628mm)', 'Tasti: 22 Medium Jumbo', 'Ponte: Wilkinson Tune-O-Matic', 'Pickup: 2x Pickup Wilkinson W90SK ceramici', 'Controlli: Volume, Tono, Selettore pickup 3-Vie', 'Meccaniche: Vintage Tulip Deluxe', 'Paletta: Design Vintage classico', 'Design: Progettata e creata da Trev Wilkinson e dal team di\n    designer in UK', 'Finitura: Gold Top']"
EPIPHONE ES-339 Natural Usato,"€375,00","La ES-339 ""Inspired by Gibson"" di Epiphone è progettata per coloro che cercano il suono e il look di una ES-335, ma in uno strumento leggermente più piccolo e leggero. Il manico in mogano a forma di C arrotondato a mano ricorda ai musicisti dove è iniziato tutto. Un paio di humbucker Epiphone Alnico Classic PRO mette in mostra il suono Gibson ES versatile che i musicisti hanno desiderato ardentemente per oltre 60 anni. La stabilità dell'accordatura e l'intonazione precisa sono fornite dal capotasto Graph Tech NuBone, dalle meccaniche Grover Rotomatic e dall'esclusivo ponte e dalla cordiera LockTone di Epiphone, che aggiungono anche più sustain al tuo suono. Le straordinarie finiture lucide includono Cherry, Pelham Blue, Vintage Sunburst e Natural.",https://www.strumentimusicali.net/product_info.php/products_id/187279/epiphone-es-339-natural-usato.html,"['Tipo: Semi-Hollow Body', 'Formato: ES-339', 'Body: Acero stratificato', 'Manico: Mogano', 'Profilo del manico: Arrotondato a ""C""', 'Raggio: 12""', 'Tastiera: Alloro Indiano', 'Intarsi: Dot madreperlati', 'Tasti: 22, Medium Jumbo', 'Scala: 24.724""', 'Capotasto: 1.693""', 'Materiale: Graph Tech NuBone', 'Battipenna: Nero, 5-Strati', 'Ponte / Cordiera: Epiphone LockTone Tune-O-Matic con\n    cordiera Stop Bar', 'Meccaniche: Grover Rotomatics Nickel 3+3', 'Pickup: 2x Alnico Classic PRO Humbucker', 'Controlli: 2x Volume, 2x Tono, Selettore pickup a 3 vie', 'Finitura: Naturale']"
TAKAMINE GD30CE Black Usato,"€368,00","Pronta per qualsiasi situazione, la chitarra acustica elettrificata GD30CE dispone di un top in abete massello, fondo e fasce in mogano che producono un suono ricco e risonante. Il manico in mogano sottile ed una tastiera in palissandro da 12"" di raggio garantiscono grande sensibilità e suonabilità, mentre il sistema di preamplificazione Takamine TP-4TD mette a disposizione un accordatore incorporato con equalizzatore a tre bande e controlli di guadagno per prestazioni e versatilità eccellenti.",https://www.strumentimusicali.net/product_info.php/products_id/189493/takamine-gd30ce-black-usato.html,"['Body: Dreadnought Cutaway', 'Tavola Armonica: Abete', 'Fondo e fasce: Mogano', 'Manico: Mogano', 'Bracing: Quartersawn ""X""', 'Tastiera: Palissandro', 'Capotasto: 42,8mm', 'Scala: 648mm', 'Elettronica: Preamp Takamine TP-4TD con accordatore\n    cromatico', 'Ponte: Palissandro pinless', 'Meccaniche: Cromate', 'Finitura: Nera']"
EPIPHONE ES-339 Natural Usato,"€334,00","La ES-339 ""Inspired by Gibson"" di Epiphone è progettata per coloro che cercano il suono e il look di una ES-335, ma in uno strumento leggermente più piccolo e leggero. Il manico in mogano a forma di C arrotondato a mano ricorda ai musicisti dove è iniziato tutto. Un paio di humbucker Epiphone Alnico Classic PRO mette in mostra il suono Gibson ES versatile che i musicisti hanno desiderato ardentemente per oltre 60 anni. La stabilità dell'accordatura e l'intonazione precisa sono fornite dal capotasto Graph Tech NuBone, dalle meccaniche Grover Rotomatic e dall'esclusivo ponte e dalla cordiera LockTone di Epiphone, che aggiungono anche più sustain al tuo suono. Le straordinarie finiture lucide includono Cherry, Pelham Blue, Vintage Sunburst e Natural.",https://www.strumentimusicali.net/product_info.php/products_id/191342/epiphone-es-339-natural-usato.html,"['Tipo: Semi-Hollow Body', 'Formato: ES-339', 'Body: Acero stratificato', 'Manico: Mogano', 'Profilo del manico: Arrotondato a ""C""', 'Raggio: 12""', 'Tastiera: Alloro Indiano', 'Intarsi: Dot madreperlati', 'Tasti: 22, Medium Jumbo', 'Scala: 24.724""', 'Capotasto: 1.693""', 'Materiale: Graph Tech NuBone', 'Battipenna: Nero, 5-Strati', 'Ponte / Cordiera: Epiphone LockTone Tune-O-Matic con\n    cordiera Stop Bar', 'Meccaniche: Grover Rotomatics Nickel 3+3', 'Pickup: 2x Alnico Classic PRO Humbucker', 'Controlli: 2x Volume, 2x Tono, Selettore pickup a 3 vie', 'Finitura: Naturale']"
ALHAMBRA 2C Natural + Bag Omaggio! Usato,"€330,00","Chitarra classica con top in cedro massello, fondo e fasce in mogano.",https://www.strumentimusicali.net/product_info.php/products_id/201285/alhambra-2c-natural-bag-omaggio-usato.html,"['Top: Cedro massello', 'Fasce e fondo: Mogano laminato', 'Manico: Mogano', 'Tastiera: Palissandro indiano', 'Larghezza al capotasto: 52mm', 'Spessore al capotasto: 22mm', 'Spessore al 12° tasto: 25mm', 'Meccaniche: Nichelate', 'Scala: 650mm', 'Accessori: Gig bag inclusa']"
OVATION CS24-5 Celebrity Mid Cutaway Black Usato,"€323,00","Quando si suona una Ovation Celebrity standard CS24, si suona non solo una chitarra di qualità, ma anche uno strumento progettato avendo in mente l'innovazione. Il corpo Lyrachord è resistente, un alternativa leggera al fondo in legno, ed ha una superficie interna regolare, specificamente progettata per migliorare le riflessioni all'interno dello strumento. Questa chitarra acustica-elettrificata presenta un Cutaway Mid-Depth che offre un suono acustico impressionante ed è dotata di un preamplificatore OP-4BT.",https://www.strumentimusicali.net/product_info.php/products_id/177124/ovation-cs24-5-celebrity-mid-cutaway-black-usato.html,"['Body: Mid-Depth Cutaway', 'Top: Abete massello', 'Fondo: Lyrachord', 'Bracing: Quartersawn scalloped ""X""', 'Rosetta: Madreperlata', 'Manico: Nato, satinato', 'Tastiera: Palissandro, 20 tasti', 'Scala: 642mm', 'Raggio: 10"" (254mm)', 'Capotasto: ABS, 42,86mm', 'Elettronica: Pickup Ovation Slimline, Preamp OP-4BT con\n    accordatore', 'Finitura: Nero lucido']"
D'ANGELICO Premier Bowery Vintage Natural Usato,"€320,00","D'Angelico Premier Bowery, questa Dreadnought con spalla mancante è l'ideale per il chitarrista che vuole avvicinarsi al mondo delle 6 corde. Strumento dalla grande voce ricco di armoniche e di facile utilizzo grazie anche al manico con un sottile C-Shape davvero easy e confortevole per un perfetto comfort del musicista. Tavola in abete Sitka, fondo e fasce in mogano laminato con finitura lucida, manico in mogano con tastiera in Ovangkol, segnalasti in madreperla, Pre-amp con accordatore cromatico D'Angelico. Meccaniche cromate e precise nell'intonazione. Finitura lucida VINTAGE NATURAL.",https://www.strumentimusicali.net/product_info.php/products_id/177117/d-angelico-premier-bowery-vintage-natural-usato.html,"['Forma del corpo: Dreadnought', 'Profondità del corpo: 4 x 4,7 ""', 'Colore: Vintage Natural', 'Finitura: Lucida', 'Top: Abete Sitka massello', 'Fondo e Fasce: Mogano Laminato', 'Tastiera: Merbau torrefatto', 'Lunghezza scala: 25,5 ""', 'Raggio: 16 ""(400 mm)', 'Tasti: 20', 'Ponte: Ovangkol', ""Corde: D'Addario EXP-16 (12-53)"", ""Preamplicatore: D'Angelico Onboard Preamp / Tuner""]"
EKO EVO III 018 CW Blend EQ Usato,"€299,00","La chitarra EVO III 018 CW Blend EQ è caratterizzata un corpo dalla forma 018 a spalla mancante e un top in Cedro massello. Il Mogano è utilizzato per fasce e fondo, mentre il South American Roupanà per tastiera e ponte. La chitarra è equipaggiata con preamp Fishman Presys Blend che rende questo strumento impeccabile sotto ogni punto di vista, non solo in studio ma anche live. Le caratteristiche della serie EVO, in questa terza versione a cui si è aggiunto anche il microfono, la rendono perfetta per tutti i generi musicali, dal folksinger che si accompagna facendo strumming e alla ricerca di uno strumento leggero e versatile, fino al chitarrista virtuoso e amante di tecniche quali il tapping, le percussioni o il fingerstyle che necessita di ""far suonare"" tutto lo strumento: il microfono a condensatore unito al piezoelettrico del Fishman Presys Blend sono i più adatti a questo scopo. La serie EVO III rappresenta un'ulteriore evoluzione che Eko mette a disposizione del musicista, offrendo caratteristiche incentrate sulla stretta relazione che intercorre tra il chitarrista e il suo strumento.",https://www.strumentimusicali.net/product_info.php/products_id/119895/eko-evo-iii-018-cw-blend-eq-usato.html,"['Body: 018 Cutaway Eko', 'Top: Cedro massello', 'Fondo e fasce: Mogano', 'Manico: Mogano', 'Tastiera: South American Roupanà', 'Profilo: Low C', 'Capotasto: 46mm', 'Scala: 630mm', 'Rosetta: Intarsiata', 'Elettronica: Fishman Presys Blend', 'Ponte: South American Roupanà', 'Meccaniche: Grover vintage butterbean', 'Colore: Naturale', 'Finitura Corpo: Satinata']"
TANGLEWOOD Winterleaf  TW9 E Natural Satin Usato,"€293,00","Winterleaf è una nuova entusiasmante serie dal team di progettazione Tanglewood. Creata per soddisfare le esigenze del musicista moderno, ogni chitarra Winterleaf offre un valore eccezionale con i più alti standard di qualità costruttiva e caratteristiche dei componenti. Uno sguardo più da vicino alle varie specifiche del modello troverà così tanti marchi eccezionali come Fishman Electronics, meccaniche Grover, corde Elixir e sella in grafite Tusq, tutti partner del concetto Winterleaf per offrire l'eccellenza in ogni fascia di prezzo e modello.",https://www.strumentimusicali.net/product_info.php/products_id/176736/tanglewood-winterleaf-tw9-e-natural-satin-usato.html,"['Formato: Dreadnought', 'Top: Cedro massello', 'Fondo: Mogano', 'Fasce: Mogano', 'Manico: Nato', 'Tastiera: Eboncore', 'Ponte: Techwood', 'Binding: ABS Avorio', 'Selletta: Eboncore', 'Capotasto: Eboncore, 43mm', 'Scala: 650mm', 'Elettronica: TW Premium Plus', 'Meccaniche: Cromate pressofuse', 'Finitura: Naturale Satinata']"
YAMAHA FG820II Tobacco Brown Sunburst Usato,"€285,00","Modello acustico standard di Yamaha, con un look semplice e tradizionale e di qualità eccellente, ad un prezzo accessibile. Una chitarra solid-top con un suono genuino e ben equilibrato senza sacrificare la sua solidità, grazie al design di nuova concezione dei rinforzi. Può essere consigliata tranquillamente a tutti i chitarristi principianti. La nuova FG ha un suono più potente e più forte nella gamma medio-bassa, grazie ad una tecnologia di analisi acustica all'avanguardia sviluppata dalla divisione R&D di Yamaha. Gli ingegneri Yamaha hanno raggiunto questo suono utilizzando analisi e simulazioni per arrivare al miglior design del bracing senza dipendere da tradizioni o congetture. Questa analisi ha portato allo sviluppo del nuovo modello di rinforzo smerlato, una nuova ed ideale struttura acustica che mantiene la durata della top pur offrendo il meglio del suono che la Yamaha FG ha da offrire.",https://www.strumentimusicali.net/product_info.php/products_id/176370/yamaha-fg820ii-tobacco-brown-sunburst-usato.html,"['Body: Dreadnought', 'Top: Abete massello', 'Fondo e fasce: Mogano', 'Tastiera: Palissandro', 'Manico: Nato', 'Scala: 650mm', 'Capotasto: 43mm', 'Ponte: Palissandro', 'Pin del ponte: ABS nero con Dot bianchi', 'Raggio: 400mm', 'Meccaniche: Cromate', 'Battipenna: Tartarugato', 'Colore: Tobacco Brown Sunburst']"
TAKAMINE GD15CE12 Natural Usato,"€269,00","Ogni serie Takamine è definita da costruzione, materiali e specifiche che raggiungono un particolare risultato sonoro. Una scelta eccellente per i principianti o per tutti coloro che sono alla ricerca di una chitarra acustica elettrificata ad un prezzo conveniente. La GD15CE con top in abete, fondo e fasce in mogano produce un calore ed una dolcezza che vanno ben oltre il suo prezzo. Il preamplificatore Takamine TP-4T con accordatore incorporato ti consente di scolpire il tuo suono e di essere sempre pronto per il palco.",https://www.strumentimusicali.net/product_info.php/products_id/120036/takamine-gd15ce12-natural-usato.html,"['Top: Abete rosso', 'Fondo e fasce: Mogano', 'Manico: Mogano', 'Tastiera: Ovangkol', 'Capotasto: 1,6875"" (42,8mm)', 'Scala: 648mm', 'Elettronica: Preamplificatore Takamine TP-4T con accordatore\n    e spia batteria scarica', 'Controlli: Gain, Bass, Middle, Treble', 'Battipenna: Tartarugato', 'Meccaniche: Pressofuse cromate', 'Finitura: Naturale', 'Nota: Custodia NON inclusa']"
MOOER Tube Engine Usato,"€268,00","Il Tube Engine 20 di Mooer è un amplificatore a valvole da 20 Watt. Questo circuito valvolare in Classe A / B utilizza set di valvole EL84 selezionate e abbinate a mano per fornire la piattaforma perfetta per l'uso con pedali preamplificatori, modellatori di amplificatori ed unità effetti. Tube Engine è abbastanza trasparente, consentendo di far brillare il suono reale delle altre unità. Aggiungendo solo il giusto calore e colore per rendere questa una scelta praticabile e diversa rispetto alle alternative a stato solido. Tube Engine è alloggiato in un telaio metallico leggero e viene fornito completo di maniglia per il trasporto e di alette per il montaggio a rack.",https://www.strumentimusicali.net/product_info.php/products_id/199065/mooer-tube-engine-usato.html,"['Dimensioni: 335 x 203 x H91 mm', 'Peso: 5,252 kg']"
EPIPHONE J-15 EC - Natural Usato,"€268,00","La chitarra acustica Advanced Jumbo style è l'acustica ideale per principianti e professionisti. Caratterizzata da un top in abete scelto con un body cutaway per un eccezionale accesso ai tasti superiori, un sistema di pickup NanoFlex e meccaniche premium. Epiphone è alle spalle di ogni chitarra prodotta con una garanzia a vita ed il servizio clienti Gibson Brands.",https://www.strumentimusicali.net/product_info.php/products_id/198937/epiphone-j-15-ec-natural-usato.html,"['Body: J-45 Cutaway', 'Materiale: Mogano selezionato', 'Top: Abete rosso selezionato', 'Fondo e fasce: Mogano selezionato', 'Binding: Nero', 'Tastiera: Pau Ferro', 'Manico: Mogano', ""Profilo: D Shape, SlimTape anni '60"", 'Scala: 25.5""/ 647,7mm', 'Raggio della tastiera: 12""', 'Tasti: 20, Medium Jumbo', 'Capotasto: 42,6mm, PVC', 'Intarsi: Dot', 'Giunzione del manico: Incollato', 'Hardware: Nichel', 'Meccaniche: Nichel', 'Ponte: Pau Ferro, Reverse-Belly', 'Meccaniche: Premium pressofuso con manopole Kidney, rapporto\n    14: 1', 'Battipenna: 1 Strato; PVC nero con ""E"" bianca', 'TrussRod: Regolabile', 'Truss Rod Cover: ""Bell Shaped"", 2 strati (Nero / Bianco),\n    AJ', 'Pickup: NanoFlex sotto-sella, bassa impedenza', 'Out: Jack 1/4"" Epiphone', 'Accessori: Custodia rigida inclusa']"
KRAMER Striker Figured HSS Stoptail Trasparent Ebony Usato,"€263,00","Parte della Modern Collection, la Kramer Striker Figured HSS è uno splendido ingresso nel mondo delle chitarre Kramer ad alte prestazioni e pronta per lo shred. Assieme alla sua straordinaria impiallacciatura del top in acero fiammato AAA, presenta un manico in acero satinato con un profilo Kramer K-Speed SlimTaper C veloce, facile da suonare e incredibilmente comodo. L'eccezionale versatilità sonora viene fornita grazie ad un humbucker zebrato al ponte e a due single-coil, che offrono clean scintillanti con la stessa facilità dei suoni rock più duri per coprire vari stili. Un ponte Epiphone LockTone Tune-O-Matic ed una cordiera Stop Bar assicurano un'intonazione eccellente e un sacco di sustain.",https://www.strumentimusicali.net/product_info.php/products_id/177130/kramer-striker-figured-hss-stoptail-trasparent-ebony-usato.html,"['Body: Mogano', 'Top: Impiallacciatura in acero figurato AAA', 'Finitura: Body lucido, manico satinato', 'Manico: Acero', 'Profilo: Kramer K-Speed \u200b\u200bSlimTaper C', 'Scala: 648mm', 'Tastiera: Alloro indiano', 'Raggio: 320mm', 'Tasti: 24 Medium Jumbo', 'Capotasto: Floyd Rose R2 locking nut con licenza, montaggio\n    superiore', 'Larghezza: 41,3mm', 'Intarsi: Dot bianchi', 'Giunto: Imbullonato', 'Pickup al ponte: Kramer Alnico V HB-1 Zebra coil', 'Pickup centrale: Kramer Alnico V SC-1', 'Pickup al manico: Kramer Alnico V SC-1', 'Controlli: Volume, Tono, Selettore 5 vie', 'Ponte: Epiphone LockTone Tune-O-Matic', 'Cordiera: Epiphone LockTone Stop Bar', 'Meccaniche: Die Cast', 'Truss Rod: Doppia azione', 'Cover truss rod: Bullet nero, 3 viti, con serigrafia\n    ""Striker""', 'Manopole: Zigrinate nere', 'Finitura: Trasparent Ebony']"
YAMAHA FX370C Natural Usato,"€232,00",Qualità e suono ad un prezzo accessibile è il segno distintivo delle chitarre Yamaha della Serie F. Queste chitarre condividono ogni pezzo della passione che accende le gamme premium e sono lo strumento ideale per gli studenti o per i chitarristi esperti allo stesso modo. Questa versione elettroacustica della serie F acustica offre una suonabilità eccezionale oltre alla versatilità offerta dalla elettronica integrata.,https://www.strumentimusicali.net/product_info.php/products_id/188482/yamaha-fx370c-natural-usato.html,"['Top: Abete', 'Fondo e fasce: Nato/Meranti', 'Manico: Nato', 'Tastiera: Palissandro', 'Ponte: Palissandro', 'Scala: 634mm (25"")', 'Capotasto: 43mm', 'Meccaniche: Cromate', 'Elettronica: System 58 1 via, EQ 3-bande, AMF (fissa il\n    centro della frequenza regolabile dal controllo MID)', 'Finitura: Naturale']"
RECORDING KING RPH-R1-TS Tobacco Sunburst Usato,"€225,00","Il Recording King Dirty 30's Resonator offre tonnellate di stile classico ed un suono vintage perfetto per il blues vecchia scuola e per lo slide. La Single 0 Resonator gronda atmosfera dai fori ad f alla cordiera sino alla classica finitura sunburst opaca. Il suono tradizionale di questa resofonica viene fornito da un cono da 9.5"". I diffusori circondano la circonferenza della soundwell mentre le vibrazioni del cono sono libere di rimbalzare all'interno dell'intera cavità del corpo. I fori ad f sono posizionati per ottimizzare le frequenze dei bassi e degli alti quando usciranno dal corpo per un suono perfetto, asciutto e gutturale.",https://www.strumentimusicali.net/product_info.php/products_id/191134/recording-king-rph-r1-ts-tobacco-sunburst-usato.html,"['Formato: Single-0', 'Top: Abete rosso', 'Fondo e fasce: Legno bianco', 'Rinforzo superiore: Pedestal Soundwell', 'Manico: Nato', 'Profilo: Contemporary C', 'Giunzione del manico: Dovetail', 'Tastiera: Palissandro', 'Scala: 25.4 ""', 'Numero di tasti liberi: 14', 'Numero totale di tasti: 20', 'Capotasto: Osso', 'Larghezza: 42,86mm', 'Rivestimento paletta: Palissandro', 'Intarsio paletta: Recording King', 'Meccaniche: Stile vintage, manopole in plastica', 'Binding corpo: Avorio', 'Cono: Recording King 9.5""', 'Intarsi: Dot', 'Forma del ponte: Biscotto', 'Sella: Ebano / Acero', 'Cordiera: Metallo', 'Finitura: Tobacco Sunburst']"
GEWA Mandola Pro Arte Antique (Left-Handed) Usato,"€188,00","Mandola flat interamente in legno massello con top in abete, fondo e fasce in acero. Ha una paletta scanalata e meccaniche Van Gent con manopole in acrilico.",https://www.strumentimusicali.net/product_info.php/products_id/200990/gewa-mandola-pro-arte-antique-left-handed-usato.html,[]
ESP LTD MH-10kit Black Usato,"€188,00","La Serie LTD 10 è progettata per i principianti e i chitarristi con un budget limitato che desiderano uno strumento solido ed economico. L'MH-10 include sia un'eccellente chitarra per iniziare che una borsa da concerto, così sarai in grado di portare il tuo strumento a lezione o a casa dei tuoi amici per jam divertenti. L'MH-10 ha un manico scorrevole in acero, comodo e sottile a forma di U che renderà più facile eseguire accordi e scale su tutta la tastiera con 24 tasti extra-jumbo. Ha un corpo in tiglio ben bilanciato e sagomato ideale per suonare stando seduti o in piedi. Quando sei pronto per il rock, i pickup ESP della MH-10 sono perfetti per qualsiasi genere di musica che ti piaccia suonare.",https://www.strumentimusicali.net/product_info.php/products_id/200237/esp-ltd-mh-10kit-black-usato.html,"['Body: Tiglio', 'Manico: Acero', 'Profilo: Thin U', 'Tastiera: Hardwood', 'Tasti: 24, Extra Jumbo', 'Scala: 25.5""', 'Capotasto: 42mm, Standard Nut', 'Hardware: Black Nickel', 'Meccaniche: ESP', 'Ponte: TOM String Thru', 'Pick-Up: ESP LH-100 (B & N)', 'Controlli: Volume, Selettore 3-Vie, Tono', 'Colore: BLK (Nero)', 'Accessori: Custodia morbida inclusa']"
MONO Pedalboard Small Black Usato,"€180,00","Ogni pedaliera Mono è ricavata da un unico pezzo di alluminio anodizzato, che conferisce un formato resistente ma incredibilmente leggero, che risulta snello ed elegante. Le aperture sulla faccia di ogni piattaforma accolgono ogni possibile configurazione di cavi, consentendo la massima varietà di layout dei pedali. I piedini in gomma sul fondo aggiungono stabilità e assorbimento degli urti, mentre l'inclinazione della pedaliera è progettata per raggiungere facilmente i pedali stessi. Attraverso un processo elettrochimico che modifica la superficie metallica, ogni pannello ha una finitura anodica, resistente alla corrosione decorativa.",https://www.strumentimusicali.net/product_info.php/products_id/175194/mono-pedalboard-small-black-usato.html,"['Inclinazione: 13°', 'Dimensioni: 457 x 312 x 94mm', 'Peso: 1,25 kg']"
EPIPHONE Les Paul Studio E1 Heritage Cherry Sunburst Usato,"€177,00","Epiphone presenta la Les Paul Studio LT, un'incredibile introduzione alla più grande chitarra elettrica al mondo che è accessibile a tutti. La Les Paul Studio LT presenta tutte le classiche caratteristiche di ""Les Paul"", tra cui una top in mogano carved, potenti humbucker ceramici Zebra-Coil e un manico in mogano con una giunzione conica facile da suonare. E' disponibile nelle finioture Ebony, Heritage Cherry Sunburst, Vintage Sunburst e Walnut.",https://www.strumentimusicali.net/product_info.php/products_id/187275/epiphone-les-paul-studio-e1-heritage-cherry-sunburst-usato.html,"['Body: Mogano', 'Manico: Mogano, set-in', 'Profilo: 1960 SlimTaper, D profile', 'Giunzione: Bolt-on', 'Tastiera: Palissandro, 22 tasti Medium Jumbo', 'Inserti: Dot', 'Scala: 628mm (24.75"")', 'Capotasto: 42,67mm (1.68"")', 'Pickup: 2x Epiphone 650R Zebra-coil Ceramic\n    Humbucker', 'Controlli: 2x Volume, 2x Tono, Selettore in metallo a 3\n    posizioni', 'Manopole: Premium Top Hat con inserti in\n    metallo', 'Hardware: Cromato', 'Meccaniche Premium con rapporto 14:1', 'Ponte: LockTone Tune-o-Matic', 'Cordiera: Stopbar', 'Finitura: Heritage Cherry Sunburst']"
JACKSON JS1X RR Minion AH Guitar Black Usato,"€136,00","Look che ruba i riflettori e suono gigante in un piccolo formato. Con la sua scala 2/3 (22.5""), la serie JS RR Minion JS1X è perfetta per coloro che hanno bisogno di uno strumento di facile trasporto pieno delle funzioni che amano. La RR Minion JS1X offre un body in pioppo, un manico veloce in acero imbullonato con rinforzo in grafite e tastiera in amaranto con raggio 12"", 24 tasti jumbo e intarsi a dente di squalo. Altre caratteristiche includono una piastra del manico ed una paletta ad angolo per una tensione uniforme (che riduce la fatica), doppi pickup humbucking Jackson high-output con selettore a tre vie, ponte fisso string-through body e meccaniche Jackson pressofuse.",https://www.strumentimusicali.net/product_info.php/products_id/202127/jackson-js1x-rr-minion-ah-guitar-black-usato.html,"['Body: Pioppo', 'Manico: Acero con rinforzo in grafite', 'Finitura: Satinata', 'Tastiera: Amaranto', 'Tasti: 24', 'Dimensioni: Jumbo', 'Scala: 22.5"" (572mm)', 'Raggio: 12"" (305mm)', 'Capotasto: 1.625"" (41,3mm)', 'Intarsi: Pearloid Sharkfin', 'Pickup: 2x Jackson Humbucking high-gain', 'Controlli: Volume, Tono, Selettore: 3-Posizioni', 'Dado truss rod: Regolazione truss rod sul dado', 'Paletta: Jackson Pointed 6-in-linea', 'Piastra manico: 4 bulloni (viti ad incasso)', 'Ponte: 6-Saddle String-Through-Body Hardtail con selle\n    rettangolari', 'Hardware: Nero', 'Meccaniche: Jackson Sealed Die-Cast']"
ROCKBAG RC 10625 B/SB Usato,"€127,00","Custodia rigida per chitarra solida con cover in Tolex nera per tutte le chitarre BC Rich Beast, JR-V. Per una protezione ideale dello strumento, offre un ampio supporto con imbottitura aggiuntiva per il manico ed un sistema di supporto della paletta, nonché uno spesso inserto in schiuma al centro della curvatura interna. Il rivestimento interno in peluche lungo preserva la finitura degli strumenti. Scomparto interno separato con coperchio per riporre diversi accessori. Serrature massicce, piedini in metallo e una robusta maniglia in PVC garantiscono una trasporto senza stress.",https://www.strumentimusicali.net/product_info.php/products_id/179770/rockbag-rc-10625-b-sb-usato.html,['Dimensioni: 1195 x 460 x 80mm']
GEWA Student CE Black Usato,"€113,00","L'idea dietro il brand VGS si schiera a favore di un'ingegneria affidabile e di stili tradizionali, combinati con innovazione e nuovi design. Con grande attenzione, VGS si preoccupa del materiale utilizzato e del processo per ottimizzare il suono, il comfort e la suonabilità. Un buon suono non deve essere costoso.",https://www.strumentimusicali.net/product_info.php/products_id/177429/gewa-student-ce-black-usato.html,"['Tavola: Abete rosso', 'Fondo e fasce: Okoume', 'Manico: Okoume con rinforzo in carbonio', 'Binding: ABS', 'Tastiera e ponte: Blackwood Tek', 'Scala: 650mm', 'Capotasto: 52mm', 'Tasti: Nickel Silver', 'Elettronica: Pickup piezo, EQ a 4 bande con\n    accordatore', 'Meccaniche: Cromate', 'Finitura: Nero lucido']"
ROCKBAG RC 10623 BCT/SB Standard Maccaferri Guitar Hardshell Case Curved - Black,"€99,00","Custodia rigida per chitarra robusta con parte superiore curva e superficie in Tolex nero per ogni chitarra Maccaferri. Per una protezione ideale dello strumento, garantisce un ampio supporto per il manico con cuscino aggiuntivo e sistema di supporto della paletta, nonché uno spesso inserto in schiuma al centro della volta del coperchio e il bordo interno maggiorato in gommapiuma. Il design in velluto nero preserva le finiture danneggiabili degli strumenti. Scomparto interno separato con coperchio per riporre diversi accessori. Serrature massicce, piedini in metallo ed una robusta maniglia in PVC garantiscono una manipolazione senza stress.",https://www.strumentimusicali.net/product_info.php/products_id/173193/rockbag-rc-10623-bct-sb-standard-maccaferri-guitar-hardshell-case-curved-black.html,['Dimensioni interne: 360 x 1035 x 120mm']
FENDER Flat-Top Dreadnought Acoustic Guitar Case Usato,"€91,00","La custodia per chitarra acustica Dreadnought Fender Flat-Top offre tutta la durata e lo stile di cui i musicisti moderni hanno bisogno, che siano alla ricerca di una soluzione robusta per conservarla in viaggio o a casa. Con il suo elegante esterno nero e il rivestimento in peluche di qualità, questa custodia protettiva è costruita per resistere ai rigori della strada e prevenire danni al tuo strumento acustico.",https://www.strumentimusicali.net/product_info.php/products_id/201804/fender-flat-top-dreadnought-acoustic-guitar-case-usato.html,[]
LAVA MUSIC Ideal Strap Pro WH Usato,"€69,00","Specificamente progettato per l'uso con LAVA ME 2 , la tracolla per chitarra è realizzata in tre strati di pelle composita, si combinano per conferire all'Ideal Strap un'incredibile durata e flessibilità. L'Ideal Strap è dotato di un design di bloccaggio facile da usare, per una maggiore sicurezza mentre suoni la chitarra.",https://www.strumentimusicali.net/product_info.php/products_id/176717/lava-music-ideal-strap-pro-wh-usato.html,"['Colore: Bianco', 'Materiale: Pelle', 'Lunghezza massima del cinturino: 135 cm', 'Lunghezza minima del cinturino: 107 cm', 'Diametro massimo del cinturino Asola: 1,6 cm', ""Diametro minimo dell'asola del cinturino: 0,95 cm""]"
FENDER Timberframe Electric Guitar Stand Usato,"€58,00","Il supporto per chitarra elettrica Fender Timberframe offre una soluzione elegante ma compatta per mostrare la tua chitarra preferita a casa o in studio. Caratterizzato da un'elegante finitura con venature del legno e magneti di bloccaggio fissabili, questo pezzo da esposizione è perfetto allo stesso modo per i chitarristi ed i collezionisti Strat, Tele e Acoustasonic.",https://www.strumentimusicali.net/product_info.php/products_id/185454/fender-timberframe-electric-guitar-stand-usato.html,[]
FLIGHT Tusee Elise Ecklund Sunset Travel Uke Usato,"€46,00","“C'è qualcosa di veramente magico in un tramonto. Non importa dove ti trovi nel mondo, puoi ammirare i bellissimi colori che scorrevano nel cielo. Le volte che ho visto un tramonto sulle montagne, mi sono sentito avventuroso, libero, ispirato e un senso di pace. Volevo catturare questa sensazione su un ukulele. Questo soprano da viaggio è per gli amanti della musica di ogni livello, sia che tu abbia appena iniziato o che suoni da anni. Raccoglilo e portalo con te in ogni avventura. "" (Elise Ecklund). Grazie a uno schienale in ABS arcuato più ampio, questo bambino ha più volume nella gamma media rispetto al tuo soprano medio. Inutile citare la durevolezza e la resistenza agli sbalzi di umidità, principali nemici degli ukulele di legno.",https://www.strumentimusicali.net/product_info.php/products_id/170429/flight-tusee-elise-ecklund-sunset-travel-uke-usato.html,"['Forma del corpo: Soprano (15 tasti) Parte', 'superiore: Tiglio laminato', 'Fianco e retro: ABS', 'Ponte: ABS', 'Colore: Tramonto Stampa', 'Pulsante cinturino: Sì', 'Manico: ABS', 'Tastiera: ABS', 'Dado e sella: ABS', 'Larghezza capotasto : 36 mm', 'Marcatori di posizione: 5 °, 7 °, 10 ° e 12 ° tasto', 'Caratteristiche premium: corde in zucchero Aquila, tasto\n    zero, pulsante per cinturino, parte superiore in legno, dorso\n    arcuato, accordatori a\n    ingranaggi aperti, tastiera in ABS, punti laterali, custodia\n    morbida']"
